# 500;1000;6;0.05;0.9;0.015
0,26.509446234394662,314.11791890746514,(/ (AI_guess) (1.0))
1,29.387816727967866,337.39623738903856,(/ (/ (-2.1639927800766454) (AI_guess)) (* (2.1096820088926904) (-0.9070275550952287)))
2,32.12024532083362,383.81496129405065,(* (AI_guess) (FieldWidth))
3,30.038518053907197,361.92758291173425,(* (* (-1.4228959160204193) (-1.1690142222469433)) (AI_guess))
4,33.13285962795376,327.8480100384773,(* (* (-1.4228959160204193) (-1.1690142222469433)) (AI_guess))
5,34.74968779183399,367.8868588450328,(* (AI_guess) (FieldHeight))
6,36.89066845716359,354.55190508638634,(/ (- (1.4572549904095347) (/ (* (Self_Y) (AI_guess)) (0.8012694297938427))) (/ (-0.7644450941524514) (Tree_Y)))
7,37.63411383448178,328.784823840768,(/ (- (1.4572549904095347) (/ (* (Self_Y) (AI_guess)) (0.8012694297938427))) (/ (-0.7644450941524514) (Tree_Y)))
8,39.11002241679791,512.6924616698045,(- (neg (- (-1.2534172316730683) (* (* (FieldWidth) (AI_guess)) (+ (* (2.9103335216939623) (0.719738158901289)) (neg (-1.0)))))) (2.275882526720806))
9,44.320397842590616,396.50406396207495,(* (AI_guess) (FieldHeight))
10,50.41964106880379,478.1806825046662,(- (neg (- (-1.2534172316730683) (* (* (FieldWidth) (AI_guess)) (+ (* (2.9103335216939623) (0.719738158901289)) (neg (-1.0)))))) (2.275882526720806))
11,50.884007335575774,352.5031286796064,(* (1.0) (AI_guess))
12,65.90155545042262,408.52893838748884,(- (neg (- (-1.2534172316730683) (* (* (FieldWidth) (AI_guess)) (+ (* (2.9103335216939623) (0.719738158901289)) (neg (-1.0)))))) (2.275882526720806))
13,75.97285812930156,545.497103016543,(neg (neg (* (FieldWidth) (AI_guess))))
14,87.37610185318786,450.83782288206874,(- (neg (- (-1.2534172316730683) (* (* (FieldWidth) (AI_guess)) (+ (* (2.9103335216939623) (0.719738158901289)) (neg (-1.0)))))) (2.275882526720806))
15,99.97061086893574,488.9346607055184,(/ (* (AI_guess) (FieldHeight)) (1.4282517837838151))
16,103.90315447572279,431.86505775305415,(- (+ (* (* (AI_guess) (FieldWidth)) (1.8910263849821378)) (-1.0)) (0.3339791678034474))
17,108.73850306617162,451.4453311016466,(* (* (Tree_X) (AI_guess)) (FieldWidth))
18,105.93641961609637,548.716629110064,(* (+ (- (2.316504174715921) (neg (neg (1.0)))) (0.0)) (* (1.758064924656706) (AI_guess)))
19,110.36994111024015,440.5941041098224,(* (1.0) (AI_guess))
20,112.8595950312155,467.8126295154253,(- (neg (- (-1.2534172316730683) (* (* (FieldWidth) (AI_guess)) (* (* (2.9103335216939623) (0.719738158901289)) (neg (-1.0)))))) (2.275882526720806))
21,111.03432281306821,663.5623256655531,(- (neg (- (-1.2534172316730683) (* (* (FieldWidth) (AI_guess)) (+ (* (2.9103335216939623) (0.719738158901289)) (neg (1.6540186463284252)))))) (2.275882526720806))
22,110.91025801295535,442.67900311836775,(* (Self_Y) (* (AI_guess) (FieldHeight)))
23,114.56947577111566,488.0964584088183,(+ (AI_guess) (0.0))
24,116.02278833970617,557.924333726293,(neg (neg (* (FieldWidth) (AI_guess))))
25,117.0476146919758,457.55955396405506,(+ (neg (neg (* (FieldWidth) (AI_guess)))) (/ (Tree_Y) (AI_guess)))
26,113.75882327921823,478.468868904451,(+ (* (* (FieldWidth) (AI_guess)) (FieldWidth)) (-0.5262287797415075))
27,112.72608864064848,480.3161489215057,(* (* (+ (+ (1.0) (-1.0)) (AI_guess)) (FieldHeight)) (FieldWidth))
28,115.12880475116941,429.64732745335226,(- (neg (- (-1.2534172316730683) (* (AI_guess) (FieldHeight)))) (2.275882526720806))
29,118.82887618754508,513.5632799373975,(neg (neg (neg (neg (* (* (FieldWidth) (Self_Y)) (AI_guess))))))
30,118.88885501228195,449.76138857425923,(- (neg (- (-1.2534172316730683) (* (* (FieldWidth) (AI_guess)) (+ (* (2.9103335216939623) (0.719738158901289)) (neg (1.6540186463284252)))))) (2.275882526720806))
31,123.71833944556552,486.8912789672399,(- (neg (- (-1.2534172316730683) (* (* (FieldWidth) (AI_guess)) (+ (* (2.9103335216939623) (0.719738158901289)) (neg (1.2706868574499612)))))) (2.275882526720806))
32,121.32609076943068,458.9501147291828,(- (neg (- (-1.2534172316730683) (* (* (FieldWidth) (AI_guess)) (+ (* (2.9103335216939623) (0.719738158901289)) (neg (1.6540186463284252)))))) (2.275882526720806))
33,123.30133514530694,438.58983773688385,(* (1.0) (AI_guess))
34,122.52765208320163,490.6144498100377,(+ (AI_guess) (0.0))
35,122.98768115623479,463.3593041554004,(neg (neg (+ (+ (AI_guess) (-1.0)) (* (* (1.0) (AI_guess)) (1.0)))))
36,118.84873793302899,530.1030981262419,(* (AI_guess) (FieldHeight))
37,117.39766726169437,583.6299244431844,(- (neg (- (FieldWidth) (* (* (FieldWidth) (AI_guess)) (* (* (2.9103335216939623) (0.719738158901289)) (neg (-1.0)))))) (2.275882526720806))
38,121.45771107849647,569.4181413244596,(- (neg (- (1.11475476181647) (* (* (FieldWidth) (AI_guess)) (* (* (2.9103335216939623) (0.719738158901289)) (neg (-1.0)))))) (2.275882526720806))
39,117.30872007976734,515.5683097507125,(+ (/ (/ (1.0) (-0.05349862965444352)) (AI_guess)) (* (- (neg (- (-1.2534172316730683) (+ (AI_guess) (FieldWidth)))) (2.275882526720806)) (AI_guess)))
40,121.7263449396854,569.0234378123512,(- (neg (- (-1.2534172316730683) (/ (* (FieldWidth) (AI_guess)) (+ (* (2.9103335216939623) (0.719738158901289)) (neg (-1.0)))))) (2.275882526720806))
41,119.78627880667818,514.9592606366587,(- (neg (- (FieldWidth) (* (* (FieldWidth) (AI_guess)) (* (* (2.9103335216939623) (0.719738158901289)) (neg (-1.0)))))) (2.275882526720806))
42,121.72868414696116,510.29770368477415,(+ (* (AI_guess) (FieldHeight)) (+ (- (AI_guess) (* (1.0) (AI_guess))) (* (* (1.0) (-0.9884494391192975)) (FieldHeight))))
43,120.9016687335219,499.9473151784742,(+ (* (AI_guess) (FieldHeight)) (+ (- (AI_guess) (* (1.0) (AI_guess))) (* (* (1.0) (-0.9884494391192975)) (FieldHeight))))
44,117.57266288142945,673.0220204151066,(- (+ (* (* (Tree_Y) (AI_guess)) (FieldWidth)) (-1.1896377398317712)) (1.7112858422056982))
45,119.21502561553287,406.97398810837933,(* (1.0) (AI_guess))
46,114.52998015591078,489.65909705830893,(+ (* (1.8300370034664617) (AI_guess)) (-0.18846926112979112))
47,120.84683016204293,499.38317496899543,(- (neg (- (-1.2534172316730683) (- (* (FieldWidth) (AI_guess)) (+ (/ (1.3553888040992481) (Tree_Y)) (neg (0.0)))))) (2.275882526720806))
48,118.80883745374358,474.61305733766676,(* (AI_guess) (FieldHeight))
49,120.4473213341556,497.97331501466164,(- (neg (- (-0.7856635459828492) (* (* (FieldWidth) (AI_guess)) (+ (- (2.9103335216939623) (0.719738158901289)) (neg (-1.0)))))) (2.275882526720806))
50,124.43893309207566,519.0753088402525,(- (neg (- (-1.2534172316730683) (- (* (FieldWidth) (AI_guess)) (+ (/ (1.3553888040992481) (Tree_Y)) (neg (0.0)))))) (2.275882526720806))
51,117.57377076249008,468.8568545803759,(* (FieldHeight) (* (* (- (* (* (-2.5003628027099536) (-0.40295714949093187)) (FieldWidth)) (0.09064241539710727)) (AI_guess)) (FieldWidth)))
52,122.0450842694953,630.2212570398832,(- (* (AI_guess) (FieldHeight)) (2.275882526720806))
53,126.02807900062606,587.5757984963894,(- (neg (- (-0.7856635459828492) (* (* (FieldWidth) (AI_guess)) (+ (- (2.9103335216939623) (0.719738158901289)) (neg (-1.0)))))) (2.275882526720806))
54,125.14819088277991,503.76982934352833,(- (* (* (Self_Y) (AI_guess)) (FieldWidth)) (2.275882526720806))
55,122.5629178647028,516.605006432561,(neg (neg (* (FieldWidth) (AI_guess))))
56,115.62158076733137,524.2493287717206,(- (neg (- (FieldWidth) (* (* (FieldWidth) (AI_guess)) (* (* (-2.8256321530049004) (2.4928039649157867)) (neg (2.091029992394226)))))) (2.275882526720806))
57,123.62636929999631,528.7353684821666,(- (* (* (AI_guess) (FieldWidth)) (1.0)) (2.275882526720806))
58,130.6673743774848,520.804802861271,(/ (neg (- (FieldWidth) (+ (* (FieldWidth) (AI_guess)) (+ (* (2.9103335216939623) (0.719738158901289)) (neg (-2.0919549661477514)))))) (2.275882526720806))
59,128.31780399587333,560.0240066320985,(- (* (* (AI_guess) (FieldWidth)) (1.0)) (2.275882526720806))
60,126.21734078681455,507.2237670886462,(- (* (AI_guess) (FieldHeight)) (2.275882526720806))
61,120.76235820229344,564.0496572627533,(- (* (* (AI_guess) (FieldWidth)) (1.0)) (2.275882526720806))
62,126.89608883641012,517.2436535386221,(+ (- (* (AI_guess) (FieldHeight)) (2.275882526720806)) (Tree_X))
63,122.62522596852153,512.4933414177935,(- (* (+ (FieldHeight) (* (1.0) (+ (+ (Tree_X) (1.0)) (* (1.0) (FieldWidth))))) (AI_guess)) (- (Self_Y) (/ (FieldWidth) (-2.3967792300156407))))
64,126.0049142351258,529.5388533730056,(- (* (Self_Y) (AI_guess)) (FieldWidth))
65,130.49690132184736,568.4164329669371,(- (* (* (AI_guess) (FieldHeight)) (FieldHeight)) (2.275882526720806))
66,127.34660858533796,640.1406735519512,(* (- (* (AI_guess) (FieldHeight)) (1.0)) (FieldWidth))
67,128.01870402854212,515.5776664644115,(* (* (FieldWidth) (AI_guess)) (0.5891811678727272))
68,123.70733391871612,530.815560585663,(+ (- (1.0) (- (neg (- (-1.7229738868279687) (+ (AI_guess) (Self_X)))) (2.275882526720806))) (* (/ (Tree_Y) (AI_guess)) (FieldHeight)))
69,125.73825754978849,498.8415890470673,(- (neg (- (-1.2534172316730683) (- (* (FieldWidth) (AI_guess)) (+ (/ (0.2505024294964677) (Self_Y)) (neg (0.0)))))) (2.275882526720806))
70,126.26582643260681,520.3010505868452,(- (neg (- (Tree_Y) (* (* (FieldWidth) (AI_guess)) (+ (* (FieldWidth) (Tree_Y)) (/ (FieldHeight) (FieldWidth)))))) (1.128910060644814))
71,128.25227449355853,581.1560125498584,(- (+ (* (AI_guess) (AI_guess)) (-2.457573838553472)) (neg (* (AI_guess) (2.9343083667071133))))
72,131.85237648302882,551.3483294036519,(- (+ (- (neg (- (1.0) (/ (0.0) (Self_X)))) (1.7614203883096042)) (/ (* (* (Self_Y) (AI_guess)) (+ (AI_guess) (0.0))) (AI_guess))) (* (1.0) (* (AI_guess) (2.5860082165667313))))
73,132.53365498040748,535.6757928077985,(- (neg (- (-1.2534172316730683) (* (* (AI_guess) (FieldHeight)) (FieldHeight)))) (2.275882526720806))
74,135.10904627878588,569.5979841694048,(- (* (+ (FieldHeight) (/ (1.0) (+ (+ (-1.524992770038068) (2.1701660113795738)) (+ (0.8279795018394056) (Self_X))))) (AI_guess)) (- (Self_Y) (/ (1.0) (* (AI_guess) (Tree_X)))))
75,135.63601989394945,527.511461679492,(* (Self_Y) (- (* (AI_guess) (Tree_Y)) (2.38326146505418)))
76,129.99305201081359,576.9350085799877,(- (neg (- (FieldWidth) (* (* (FieldWidth) (AI_guess)) (* (* (-2.8256321530049004) (2.4928039649157867)) (neg (2.091029992394226)))))) (2.275882526720806))
77,135.0678669399329,513.9212600830332,(- (neg (- (2.403221858123241) (- (* (FieldWidth) (AI_guess)) (+ (+ (Self_X) (0.719738158901289)) (neg (-1.990191776144097)))))) (2.275882526720806))
78,125.82054603624019,531.9768449195868,(+ (- (* (- (neg (- (-1.5167534139399845) (Self_Y))) (2.275882526720806)) (* (AI_guess) (FieldWidth))) (FieldHeight)) (-1.0))
79,134.20876761799462,536.4961431873785,(- (* (* (Self_Y) (AI_guess)) (FieldWidth)) (2.275882526720806))
80,132.29570899757368,688.1760754556228,(+ (* (* (1.337607439752155) (AI_guess)) (FieldWidth)) (-1.0))
81,136.5335583361255,545.5087770546953,(- (neg (- (-1.0246195306385741) (* (* (FieldWidth) (AI_guess)) (* (- (-2.8256321530049004) (2.4928039649157867)) (neg (2.091029992394226)))))) (2.275882526720806))
82,134.41533611322566,485.0242431083458,(- (+ (* (* (AI_guess) (FieldHeight)) (Tree_X)) (- (* (Self_Y) (AI_guess)) (neg (neg (* (1.0) (-0.8446593047319921)))))) (Self_Y))
83,135.8612088888055,514.0962839335937,(- (* (- (* (AI_guess) (FieldHeight)) (2.275882526720806)) (FieldWidth)) (0.0))
84,137.0824527556358,557.9008635184265,(- (* (+ (FieldHeight) (/ (1.0) (- (neg (Self_Y)) (2.275882526720806)))) (AI_guess)) (- (Self_Y) (/ (1.0) (* (AI_guess) (Tree_X)))))
85,127.77942623700663,497.7681647318265,(+ (* (* (1.337607439752155) (AI_guess)) (FieldHeight)) (-1.0))
86,133.25525989392074,493.184510990294,(- (neg (- (-1.2534172316730683) (- (* (FieldWidth) (AI_guess)) (/ (/ (1.0) (0.719738158901289)) (neg (-1.0)))))) (2.275882526720806))
87,134.35929373390195,472.412664687354,(- (neg (- (-1.2534172316730683) (- (* (FieldWidth) (AI_guess)) (+ (- (1.5237437956895628) (-1.647916046521099)) (* (1.2352234198417253) (-1.8358011123342663)))))) (2.275882526720806))
88,138.10381865500514,557.1386882589125,(- (* (* (AI_guess) (FieldWidth)) (1.0)) (1.28865869720393))
89,133.7190264685935,651.8805319805596,(+ (- (- (* (+ (* (-1.2716682346865962) (Tree_Y)) (-1.0)) (2.275882526720806)) (0.0)) (- (neg (- (-1.7229738868279687) (+ (Self_Y) (-2.6310345944861657)))) (2.275882526720806))) (* (/ (Tree_Y) (AI_guess)) (FieldHeight)))
90,132.62474219916953,588.18051898827,(- (/ (* (AI_guess) (FieldWidth)) (1.0)) (1.28865869720393))
91,135.31800815926195,636.4271838564728,(* (- (* (AI_guess) (FieldHeight)) (1.0)) (FieldWidth))
92,138.65997527830277,631.6605305202406,(- (* (* (AI_guess) (FieldWidth)) (Tree_Y)) (2.537638688766476))
93,132.24083113430984,556.8906028040473,(- (neg (- (-1.2534172316730683) (- (* (FieldWidth) (AI_guess)) (* (/ (0.2505024294964677) (Self_Y)) (neg (Tree_X)))))) (2.275882526720806))
94,133.72494964554514,537.9334478419609,(+ (* (* (1.337607439752155) (AI_guess)) (2.3249455896019535)) (-1.0))
95,133.6926151402664,573.6385896054916,(- (+ (+ (2.2733982318663664) (AI_guess)) (-2.457573838553472)) (neg (+ (* (* (1.337607439752155) (AI_guess)) (FieldWidth)) (-1.0))))
96,129.92899683694753,615.5796592186075,(- (* (* (AI_guess) (FieldHeight)) (0.4909712922365257)) (2.275882526720806))
97,139.49444481940438,543.6526069056539,(- (* (* (AI_guess) (neg (neg (/ (-1.9770535561541103) (-1.860846054705758))))) (Tree_Y)) (2.537638688766476))
98,134.34203954384571,720.1967598301801,(- (* (* (1.5966880657523141) (AI_guess)) (FieldWidth)) (2.275882526720806))
99,140.1575584750761,596.1797891054563,(- (* (FieldHeight) (+ (* (1.0) (AI_guess)) (* (- (/ (-0.9837647295682661) (Tree_Y)) (0.0)) (2.275882526720806)))) (0.566093933015297))
100,137.37173079890533,641.0360495684688,(- (* (* (AI_guess) (FieldWidth)) (2.8902309379893545)) (2.537638688766476))
101,134.40071372257157,553.031835642445,(* (* (Self_Y) (- (* (AI_guess) (Tree_Y)) (2.38326146505418))) (FieldHeight))
102,136.62939337407119,583.7564659146933,(/ (neg (- (2.957350742468572) (- (* (FieldWidth) (AI_guess)) (+ (* (0.0) (Self_Y)) (neg (0.0)))))) (2.275882526720806))
103,136.19958992937413,558.9496120902098,(/ (- (* (* (AI_guess) (FieldWidth)) (Tree_Y)) (2.537638688766476)) (1.2067277016086742))
104,133.57277814493608,470.40455281575987,(- (- (* (* (Self_Y) (AI_guess)) (FieldWidth)) (2.275882526720806)) (AI_guess))
105,136.82796614846643,603.8046520018515,(+ (* (* (1.337607439752155) (AI_guess)) (FieldWidth)) (-1.0))
106,139.43192705947973,633.4459616663138,(- (* (+ (FieldHeight) (+ (1.0) (* (+ (Self_X) (Tree_X)) (+ (0.0) (Self_Y))))) (AI_guess)) (- (Self_Y) (* (-1.3436455596229089) (AI_guess))))
107,138.94675298608905,570.7199587045903,(+ (* (* (1.337607439752155) (AI_guess)) (FieldHeight)) (-1.0))
108,132.33931891842127,590.4861086239491,(- (* (FieldHeight) (+ (* (1.0) (AI_guess)) (* (- (/ (-0.9837647295682661) (Tree_Y)) (0.0)) (2.275882526720806)))) (0.566093933015297))
109,134.1802942413584,569.7083537587638,(neg (neg (+ (/ (+ (AI_guess) (AI_guess)) (FieldHeight)) (- (* (+ (Tree_X) (FieldHeight)) (AI_guess)) (- (Self_Y) (+ (AI_guess) (-0.8595015333005978)))))))
110,133.0712624245033,658.6065437323075,(- (* (+ (1.7009720101003456) (+ (-0.8568713282496523) (+ (+ (2.787389123623016) (Self_Y)) (+ (1.0) (0.0))))) (AI_guess)) (- (0.502805950424249) (/ (1.6211104661378553) (- (neg (- (-0.1294727576901762) (Tree_Y))) (2.275882526720806)))))
111,140.2429082187619,595.8291259567459,(- (neg (- (-1.2534172316730683) (- (* (FieldWidth) (AI_guess)) (+ (+ (-0.021925892094392108) (2.9949616188789694)) (neg (-1.0)))))) (2.275882526720806))
112,132.32253066980022,520.4131077992307,(- (+ (- (- (+ (/ (1.3982973562249033) (2.4857917562866945)) (- (Tree_Y) (-2.730452576068454))) (Self_X)) (2.537638688766476)) (* (/ (Tree_Y) (AI_guess)) (FieldHeight))) (Self_X))
113,138.45615893185692,593.0700233872836,(- (- (* (* (AI_guess) (FieldHeight)) (1.0)) (-1.0)) (2.275882526720806))
114,144.61917606175203,608.1605346881228,(- (* (* (AI_guess) (FieldWidth)) (Tree_Y)) (2.537638688766476))
115,144.4762561030843,521.8501480494516,(+ (- (* (/ (-2.5905051339691205) (* (1.0) (* (2.4491635165898478) (Self_Y)))) (Tree_Y)) (- (Self_Y) (/ (/ (* (-2.4796663881785816) (1.0382993750342173)) (1.0)) (1.3968664231374346)))) (* (/ (Tree_Y) (AI_guess)) (FieldHeight)))
116,144.0729104080816,512.2725739813053,(* (- (* (neg (neg (+ (-0.01728040387844043) (AI_guess)))) (FieldHeight)) (-2.075052035022253)) (FieldWidth))
117,138.52651282422187,586.9151536388216,(- (* (* (AI_guess) (FieldHeight)) (0.4909712922365257)) (2.275882526720806))
118,138.4241298938313,541.5237645576823,(- (* (- (* (* (AI_guess) (FieldWidth)) (Self_Y)) (FieldHeight)) (FieldWidth)) (1.1875397892751014))
119,136.63484093217062,527.1349360351362,(- (neg (- (Self_Y) (- (* (AI_guess) (FieldHeight)) (* (+ (2.7741145465178647) (-1.0)) (neg (0.4380003908945085)))))) (1.0))
120,141.4803730193781,509.3258861501795,(- (neg (- (- (neg (- (-2.1484714996069583) (2.097730735588992))) (2.275882526720806)) (- (* (FieldWidth) (AI_guess)) (* (* (0.0) (FieldWidth)) (Tree_X))))) (2.275882526720806))
121,140.3324247852557,653.0365574729709,(- (* (* (AI_guess) (2.223316152469442)) (2.8902309379893545)) (2.537638688766476))
122,142.7022245619928,578.5439131736584,(- (+ (* (- (FieldHeight) (* (1.0) (- (2.56195246828603) (Tree_Y)))) (AI_guess)) (/ (Tree_X) (- (* (* (FieldHeight) (2.24310266945343)) (Tree_Y)) (2.537638688766476)))) (2.537638688766476))
123,135.54876438733237,597.7085244650793,(- (- (- (* (neg (neg (AI_guess))) (FieldHeight)) (-2.075052035022253)) (FieldWidth)) (- (0.502805950424249) (/ (1.6211104661378553) (- (neg (- (-1.5124825970040123) (0.6561463451930551))) (2.275882526720806)))))
124,139.828399824743,536.7979432075447,(- (- (* (AI_guess) (FieldWidth)) (1.0)) (1.2067277016086742))
125,137.9147347453737,525.6308331325345,(- (neg (- (2.0181786014215177) (+ (* (FieldWidth) (AI_guess)) (* (/ (2.4607865388047605) (-1.3905281993975291)) (neg (0.0)))))) (2.275882526720806))
126,135.229040535119,573.6251495621608,(- (+ (* (* (AI_guess) (FieldHeight)) (1.0)) (/ (+ (* (* (1.1376744129582281) (Tree_X)) (AI_guess)) (-2.7352422078733003)) (FieldWidth))) (1.4765104177986519))
127,138.95353607921282,566.7479374591019,(+ (* (* (+ (/ (+ (Self_Y) (2.128734289099336)) (2.3249455896019535)) (Self_Y)) (AI_guess)) (FieldWidth)) (-1.0))
128,141.21385903746844,679.2010695129907,(+ (+ (- (* (* (AI_guess) (FieldHeight)) (FieldHeight)) (Self_X)) (2.150409960539025)) (neg (* (-0.1922815311228243) (Tree_X))))
129,136.43547063773798,681.9421296372365,(- (neg (- (Self_Y) (- (* (AI_guess) (FieldHeight)) (* (/ (2.7741145465178647) (-1.716492384867014)) (neg (0.4380003908945085)))))) (2.275882526720806))
130,140.76780332544394,656.0079137335022,(- (- (* (+ (FieldHeight) (+ (1.0) (/ (FieldWidth) (FieldWidth)))) (AI_guess)) (/ (Self_Y) (+ (FieldWidth) (-0.5549462250787482)))) (Self_X))
131,141.96397823778165,566.1536485335688,(neg (neg (+ (+ (/ (neg (Self_Y)) (1.5677025576547754)) (* (AI_guess) (FieldHeight))) (* (* (AI_guess) (AI_guess)) (-1.037799514967564)))))
132,140.52146345562366,655.2544379448058,(- (- (* (* (AI_guess) (FieldHeight)) (0.8995568367162612)) (-2.563837252324041)) (* (neg (- (-1.2534172316730683) (+ (* (0.31007734053496794) (FieldHeight)) (- (2.3620087244280166) (0.0))))) (0.3112615263574279)))
133,139.9744426434941,506.08078517122846,(+ (+ (+ (- (-1.0) (/ (neg (-0.32539417637136925)) (+ (-1.0) (-0.14387014557801514)))) (* (/ (Tree_Y) (AI_guess)) (FieldHeight))) (Tree_X)) (-1.0))
134,145.21231112585667,565.8049161931157,(- (+ (* (* (AI_guess) (FieldHeight)) (1.0)) (- (+ (* (/ (-2.8837352676910317) (1.5283419890584193)) (2.275882526720806)) (-2.7352422078733003)) (AI_guess))) (1.4765104177986519))
135,137.32931979403114,511.33814869280775,(/ (- (- (* (* (AI_guess) (FieldHeight)) (2.2531483504834453)) (+ (/ (+ (Self_Y) (-2.6173813643339416)) (AI_guess)) (- (Self_Y) (/ (1.3116280218749639) (-2.593141750753641))))) (2.275882526720806)) (2.537638688766476))
136,133.64031957975786,514.5397498973894,(neg (neg (+ (/ (+ (1.0) (FieldHeight)) (2.4475723920563475)) (- (* (+ (Tree_X) (FieldHeight)) (AI_guess)) (- (Self_Y) (+ (AI_guess) (-1.0752724942339933)))))))
137,141.6668582319443,612.8620434891757,(- (- (* (AI_guess) (FieldWidth)) (1.0)) (1.2067277016086742))
138,131.48850136672564,545.7995579345707,(+ (- (-1.0) (- (* (- (1.0) (0.0)) (FieldWidth)) (-1.0))) (* (/ (Tree_Y) (AI_guess)) (FieldHeight)))
139,137.12263895033254,609.7305941619707,(- (neg (- (Self_X) (- (* (AI_guess) (FieldHeight)) (* (- (2.7741145465178647) (0.7515055339732593)) (neg (0.4380003908945085)))))) (-1.0551221489603562))
140,135.3548367543575,511.49132419560647,(+ (- (* (* (AI_guess) (Tree_Y)) (Tree_Y)) (Self_X)) (2.275882526720806))
141,132.91367942989518,607.7124433647659,(- (- (* (* (AI_guess) (FieldHeight)) (0.4909712922365257)) (2.275882526720806)) (2.275882526720806))
142,140.0633699450424,496.1190362149033,(- (- (* (- (FieldHeight) (* (-0.42888588843705744) (- (-1.0) (FieldWidth)))) (AI_guess)) (/ (1.9788678750063209) (/ (FieldWidth) (1.0)))) (2.275882526720806))
143,139.11499221452786,661.7163954083092,(- (neg (- (Self_Y) (+ (* (AI_guess) (FieldHeight)) (* (- (-2.2877894687129716) (-0.3465416692867098)) (neg (-2.2415672797972124)))))) (-1.0))
144,139.29025507014484,520.1779861774555,(* (neg (- (1.0) (- (* (FieldWidth) (AI_guess)) (* (* (-1.0) (AI_guess)) (1.0))))) (2.275882526720806))
145,137.96512646915954,510.38970337357136,(+ (- (* (* (AI_guess) (Tree_Y)) (1.0)) (Self_X)) (2.275882526720806))
146,139.0802691526886,562.4982839964757,(- (+ (- (/ (/ (AI_guess) (- (Tree_Y) (1.0))) (-1.0)) (AI_guess)) (- (- (* (AI_guess) (* (AI_guess) (-0.2611965060055348))) (2.086504999534526)) (* (-2.6161937917852303) (- (-2.9009218205913188) (2.5860082165667313))))) (neg (+ (/ (- (- (Tree_Y) (AI_guess)) (Tree_X)) (/ (neg (-2.7192066659087932)) (2.275882526720806))) (* (/ (Tree_Y) (AI_guess)) (FieldHeight)))))
147,132.47988564473783,562.4458226574335,(- (+ (+ (FieldWidth) (* (AI_guess) (+ (- (0.0) (0.6340950217077097)) (+ (0.0) (FieldHeight))))) (Tree_X)) (- (Self_Y) (* (/ (+ (* (-0.49555722625634635) (-1.4799587357036537)) (0.024665360501409772)) (2.275882526720806)) (AI_guess))))
148,138.1143711442287,523.1092675203072,(+ (* (- (* (* (AI_guess) (FieldWidth)) (Tree_Y)) (2.537638688766476)) (FieldWidth)) (/ (* (- (/ (/ (Tree_Y) (1.4589122079122525)) (FieldHeight)) (Self_Y)) (- (- (* (Tree_Y) (-0.3697389133439284)) (1.0)) (* (Tree_Y) (- (0.2302175405617568) (-1.0))))) (neg (+ (+ (- (-2.229508156349648) (2.080713064405445)) (/ (1.0) (-1.0))) (* (/ (1.919061493678269) (-1.110461300173628)) (Self_Y))))))
149,137.04622850577513,538.688326758842,(* (- (- (* (- (FieldHeight) (* (0.6666063637702893) (-1.0))) (AI_guess)) (/ (FieldHeight) (/ (FieldWidth) (1.0)))) (2.275882526720806)) (1.2067277016086742))
150,138.59118040093765,521.8733399443698,(- (+ (- (- (/ (-2.5905051339691205) (* (Self_Y) (1.1169064278782628))) (-0.6654516085968911)) (- (FieldWidth) (/ (* (-1.0) (1.0)) (* (1.0) (Tree_Y))))) (* (/ (Tree_Y) (AI_guess)) (FieldHeight))) (-1.0551221489603562))
151,140.30455986497122,538.9992366650222,(+ (+ (/ (1.7181293973903529) (/ (neg (* (1.191558429718488) (-1.0778511850361194))) (-2.5551641544013144))) (* (* (Self_Y) (AI_guess)) (FieldHeight))) (* (/ (Tree_Y) (AI_guess)) (0.0)))
152,140.02666063677577,496.55509443061277,(- (+ (- (* (* (AI_guess) (FieldHeight)) (FieldWidth)) (Self_X)) (2.150409960539025)) (neg (* (AI_guess) (0.9935850180922357))))
153,142.5333759589525,549.6884940231586,(- (neg (- (Self_X) (- (* (AI_guess) (FieldHeight)) (/ (- (2.7741145465178647) (0.7515055339732593)) (neg (0.4380003908945085)))))) (-1.0551221489603562))
154,138.402072656983,594.870962704035,(+ (- (neg (neg (+ (- (-2.9053063287600125) (Self_X)) (- (1.4058486791457936) (-0.5429625981473065))))) (- (* (+ (1.0) (0.0)) (FieldWidth)) (-2.969250025218763))) (* (/ (Tree_Y) (AI_guess)) (FieldHeight)))
155,139.42892896493976,582.0199214620313,(+ (* (neg (neg (+ (/ (-2.9053063287600125) (Self_X)) (- (1.4058486791457936) (2.02395195302792))))) (- (* (/ (1.0) (0.0)) (Self_X)) (-2.969250025218763))) (* (/ (Tree_Y) (AI_guess)) (FieldHeight)))
156,136.63498731388137,595.6675798841795,(- (+ (+ (FieldWidth) (* (AI_guess) (+ (- (FieldHeight) (-1.7825165223921713)) (+ (Tree_X) (-2.0945427538685397))))) (Tree_X)) (- (Self_Y) (* (/ (+ (* (-0.010652212862550137) (0.0)) (0.024665360501409772)) (2.275882526720806)) (AI_guess))))
157,136.46552483926106,504.063335989964,(+ (- (neg (neg (+ (- (-2.9053063287600125) (Self_X)) (- (1.4058486791457936) (-2.269989168125226))))) (- (* (- (1.0) (0.0)) (FieldWidth)) (-2.969250025218763))) (* (/ (Tree_Y) (AI_guess)) (FieldHeight)))
158,144.04056096965442,610.8801534775738,(neg (neg (- (* (+ (Self_Y) (/ (Self_Y) (0.6161840721256375))) (AI_guess)) (- (Self_Y) (* (1.0) (* (-1.8244571829969978) (-0.7092091339369118)))))))
159,140.37551385033316,599.4784952609493,(- (* (- (* (AI_guess) (Self_Y)) (FieldWidth)) (FieldHeight)) (2.275882526720806))
160,137.80751552071467,578.2402561676176,(+ (* (- (* (* (AI_guess) (FieldWidth)) (Tree_Y)) (2.537638688766476)) (FieldWidth)) (1.0))
161,145.18042864775512,530.4602347917437,(neg (neg (- (* (+ (Self_Y) (/ (Self_Y) (0.6161840721256375))) (AI_guess)) (- (Self_Y) (* (1.0) (* (0.0) (-1.4643866031317438)))))))
162,139.1136038007248,485.0598133635157,(+ (- (* (/ (-2.5905051339691205) (/ (1.0) (- (-0.9980206903126332) (Self_Y)))) (-1.3286194927976656)) (- (-2.590686635635616) (- (2.7911182070330653) (Tree_X)))) (* (/ (Tree_Y) (AI_guess)) (FieldHeight)))
163,141.3805735017555,652.0505428989153,(+ (/ (-1.0) (- (* (+ (neg (-2.353770502864691)) (- (FieldHeight) (2.951628794901703))) (Self_X)) (1.0))) (+ (* (* (0.0) (AI_guess)) (FieldWidth)) (- (* (* (FieldHeight) (AI_guess)) (FieldWidth)) (2.275882526720806))))
164,145.3900226434273,739.3006719796331,(+ (- (-1.0) (- (+ (+ (1.0) (0.0)) (FieldWidth)) (-1.3112894337659344))) (* (/ (Tree_Y) (AI_guess)) (FieldHeight)))
165,139.2342478394169,574.2995825162432,(* (- (- (* (* (AI_guess) (FieldHeight)) (0.4909712922365257)) (1.4330816360412886)) (2.8815922232188846)) (1.2067277016086742))
166,137.56268480477516,554.6263897557038,(* (* (+ (- (0.0) (/ (neg (1.0)) (- (-1.0) (-0.14387014557801514)))) (* (/ (Tree_Y) (AI_guess)) (FieldHeight))) (2.3249455896019535)) (2.7282056466125306))
167,133.55526716565828,518.7482217292463,(- (- (* (+ (FieldHeight) (+ (1.0) (/ (Self_Y) (-1.8569877148000273)))) (AI_guess)) (/ (-1.6432646878924735) (+ (/ (-1.0) (- (-1.85030562974107) (0.2172550825295101))) (* (/ (1.3850732298554407) (-1.526322210468223)) (1.6172781822383921))))) (Self_X))
168,136.4092193653755,504.6690042497394,(* (- (- (* (- (FieldHeight) (- (Tree_X) (Tree_X))) (AI_guess)) (/ (FieldWidth) (/ (FieldWidth) (1.0)))) (2.275882526720806)) (1.2067277016086742))
169,134.1009685855967,578.236070327638,(- (+ (* (- (-0.17525202918054328) (* (1.0) (- (0.9162368177516611) (FieldWidth)))) (AI_guess)) (/ (Tree_X) (* (* (* (1.3588326510395747) (-1.0828986753574383)) (-1.0)) (2.537638688766476)))) (2.537638688766476))
170,141.94716079969336,511.1973544901799,(- (* (- (* (- (FieldHeight) (+ (-0.5836613888600386) (0.45819937476948214))) (AI_guess)) (/ (-1.0) (+ (Self_Y) (Self_Y)))) (1.4915542293924986)) (2.7034311110167986))
171,136.55597168293914,545.6299066039132,(+ (- (* (* (AI_guess) (Tree_Y)) (1.0)) (Self_X)) (2.275882526720806))
172,142.3738067299106,548.5702520823422,(- (- (+ (* (* (AI_guess) (FieldHeight)) (1.0)) (-1.5872073703399827)) (Self_Y)) (neg (- (- (* (+ (Tree_Y) (-1.0)) (AI_guess)) (/ (0.1954478405576756) (+ (AI_guess) (2.581941781440543)))) (Self_X))))
173,132.32985499584845,590.2710629776759,(- (- (* (+ (FieldHeight) (+ (-2.428566172234887) (+ (-0.6842709202270223) (AI_guess)))) (AI_guess)) (/ (-1.6525668870031527) (- (FieldWidth) (-1.321873491151604)))) (Self_X))
174,133.3176618506798,618.0592213895138,(- (- (- (* (* (AI_guess) (FieldHeight)) (0.4909712922365257)) (1.4330816360412886)) (2.537638688766476)) (1.2067277016086742))
175,143.42796514198037,601.3260469013859,(* (neg (- (Self_Y) (+ (* (AI_guess) (FieldHeight)) (* (/ (2.7741145465178647) (2.5691412747459843)) (neg (AI_guess)))))) (1.8427208960919712))
176,142.418006354033,593.2370316618296,(+ (+ (- (- (* (AI_guess) (FieldHeight)) (1.0)) (Self_X)) (Tree_X)) (neg (/ (AI_guess) (0.9935850180922357))))
177,137.27024651697974,585.8161575063859,(- (+ (* (neg (neg (+ (2.9528672328792194) (Self_X)))) (- (* (/ (-2.55523534392059) (2.0808544369762085)) (FieldWidth)) (Tree_Y))) (* (/ (Tree_Y) (AI_guess)) (FieldHeight))) (AI_guess))
178,129.904981469069,522.2025745263421,(neg (neg (- (* (+ (Self_Y) (/ (Self_Y) (0.6161840721256375))) (AI_guess)) (+ (FieldWidth) (* (1.0) (* (0.0) (-1.4643866031317438)))))))
179,138.2630643784202,543.5838405905581,(neg (neg (- (* (+ (Self_Y) (/ (Self_Y) (0.6161840721256375))) (AI_guess)) (+ (Self_Y) (* (1.0) (* (0.0) (-1.4643866031317438)))))))
180,137.1288412149433,563.2582427438064,(- (+ (+ (1.0) (* (AI_guess) (+ (- (FieldHeight) (-1.7825165223921713)) (+ (0.6043264935953103) (-2.0945427538685397))))) (Tree_X)) (- (Self_Y) (* (/ (+ (* (0.0) (0.0)) (0.024665360501409772)) (-2.4939208846034386)) (-1.9604002434074654))))
181,134.69828437252997,533.5613181198529,(+ (- (* (* (AI_guess) (Tree_Y)) (1.0)) (Self_X)) (2.275882526720806))
182,150.01685560164617,589.513407667654,(- (+ (- (* (* (AI_guess) (FieldHeight)) (FieldWidth)) (Self_X)) (+ (- (+ (neg (-2.504626771967012)) (Tree_Y)) (- (+ (1.0844787031491396) (FieldWidth)) (1.0))) (* (/ (Tree_Y) (AI_guess)) (FieldHeight)))) (neg (* (AI_guess) (0.9935850180922357))))
183,144.57417359984612,572.04425359094,(- (- (* (+ (FieldHeight) (+ (1.0) (/ (-1.9628506836776765) (1.4377876207574012)))) (AI_guess)) (/ (-0.3601758617719386) (+ (/ (-1.0) (- (-0.5734355692011421) (-0.6910816167612435))) (+ (/ (-1.4923913152302062) (1.4507521019189742)) (FieldHeight))))) (Self_X))
184,141.0749280398095,586.9239587393213,(- (* (* (AI_guess) (2.223316152469442)) (1.8598904003950327)) (2.537638688766476))
185,141.87378742857564,552.0504414142956,(- (- (* (* (FieldHeight) (+ (2.5978507230610752) (/ (FieldHeight) (0.8550369112372929)))) (AI_guess)) (/ (-1.6525668870031527) (- (FieldWidth) (+ (/ (AI_guess) (-1.2708211469098465)) (* (0.0) (-1.0456696347007743)))))) (Self_X))
186,143.13791957716992,580.8485166655045,(+ (/ (* (* (* (* (-1.7062178048739944) (FieldHeight)) (0.1990139359024008)) (2.537638688766476)) (1.0)) (0.6481805152593942)) (* (/ (Tree_Y) (AI_guess)) (FieldHeight)))
187,139.52110825348137,629.645776284928,(- (- (+ (* (* (AI_guess) (FieldHeight)) (FieldWidth)) (-1.5872073703399827)) (2.150409960539025)) (neg (/ (* (* (* (FieldHeight) (FieldWidth)) (FieldHeight)) (/ (/ (2.0003736224285102) (-2.6855208646227426)) (FieldWidth))) (Tree_Y))))
188,132.60256831026518,507.2025487059792,(- (+ (- (neg (neg (* (-2.9534685495409834) (FieldWidth)))) (* (+ (+ (-1.6836767937952066) (2.058500351108769)) (Self_X)) (+ (* (0.8195236286880396) (-1.0)) (* (1.584834012952327) (1.1597297693392647))))) (* (/ (Tree_Y) (AI_guess)) (FieldHeight))) (-1.0))
189,138.48258765771712,544.9058045890124,(- (neg (- (neg (neg (+ (-1.3710874162140902) (0.7620101819412346)))) (- (* (AI_guess) (FieldHeight)) (- (- (FieldHeight) (0.0)) (neg (-2.2798581617025766)))))) (0.4132477638644607))
190,141.0844130031959,705.9681155492531,(- (* (* (AI_guess) (2.223316152469442)) (1.8598904003950327)) (2.537638688766476))
191,140.77892889824307,487.8695375842722,(- (- (- (* (* (AI_guess) (FieldHeight)) (0.8995568367162612)) (* (neg (* (-1.6263966548852868) (Self_X))) (0.3112615263574279))) (/ (Self_Y) (- (FieldWidth) (0.354452722040004)))) (Self_X))
192,138.29887234985353,558.7827677602953,(- (+ (- (neg (neg (- (-1.1596660443076223) (1.752721156280928)))) (* (+ (/ (Tree_Y) (Self_Y)) (Self_X)) (+ (+ (1.0) (-0.7587672472271496)) (* (0.0) (FieldHeight))))) (* (/ (Tree_Y) (AI_guess)) (Self_Y))) (-1.0))
193,142.83348391634206,649.2662883698368,(+ (+ (* (AI_guess) (FieldHeight)) (* (- (+ (AI_guess) (neg (-0.8909513360142771))) (+ (- (-1.8660272898807089) (0.39788167836547306)) (Self_X))) (- (+ (* (-2.2575942642472544) (-0.7380624840200234)) (2.275882526720806)) (2.35133171777308)))) (2.275882526720806))
194,144.4339335122199,547.6835792244055,(+ (- (+ (- (+ (+ (-0.18607670312853575) (0.9673052634383961)) (* (-1.3534820813791564) (Tree_X))) (- (Self_Y) (/ (1.289871287499241) (2.5612467992694956)))) (* (/ (Tree_Y) (Tree_Y)) (FieldHeight))) (2.537638688766476)) (* (/ (Tree_Y) (AI_guess)) (FieldHeight)))
195,142.34920545833756,614.3952445048677,(- (* (* (AI_guess) (2.8505889690820805)) (1.8598904003950327)) (2.537638688766476))
196,144.64525009764773,533.4452178882389,(+ (- (- (- (* (+ (FieldHeight) (1.0)) (-2.6531395499884187)) (+ (Self_Y) (- (Tree_Y) (FieldWidth)))) (Self_X)) (- (1.2809482139061412) (* (* (* (-0.5579049215510352) (Tree_X)) (0.6044450280966833)) (Tree_Y)))) (* (/ (Tree_Y) (AI_guess)) (FieldHeight)))
197,139.14158603799433,547.8058042816938,(+ (- (* (* (AI_guess) (Tree_Y)) (1.0)) (Self_X)) (1.0155190979406274))
198,139.67845600520823,563.5413279591196,(+ (+ (- (- (* (AI_guess) (FieldHeight)) (1.0)) (1.0)) (Tree_X)) (neg (- (AI_guess) (AI_guess))))
199,139.24392539508088,479.31462287830465,(- (* (- (* (* (AI_guess) (FieldWidth)) (0.1990139359024008)) (2.537638688766476)) (1.0)) (0.6481805152593942))
200,143.25611785101103,565.2242618417686,(* (neg (- (2.470886685793632) (+ (* (AI_guess) (FieldHeight)) (* (/ (2.7741145465178647) (Tree_X)) (neg (0.37381006019826923)))))) (1.8427208960919712))
201,148.370250495043,623.5162793419372,(+ (- (neg (neg (+ (/ (1.0) (1.230262306340471)) (- (1.3470003586754427) (1.0))))) (- (- (/ (1.0) (0.0)) (- (- (AI_guess) (FieldHeight)) (Self_X))) (-2.969250025218763))) (* (/ (Tree_Y) (AI_guess)) (FieldHeight)))
202,146.18157525241062,535.5408344634876,(+ (* (- (* (* (AI_guess) (FieldWidth)) (0.1990139359024008)) (2.537638688766476)) (1.0)) (-1.7738069288569547))
203,147.17323514759852,627.1862361403591,(neg (neg (- (* (+ (Self_Y) (/ (Self_Y) (0.6161840721256375))) (AI_guess)) (+ (Self_Y) (* (AI_guess) (* (0.0) (-1.4643866031317438)))))))
204,143.65145003334467,581.6196456760728,(- (+ (* (+ (FieldHeight) (+ (* (FieldHeight) (1.0)) (+ (-2.937847840657664) (AI_guess)))) (AI_guess)) (/ (-1.6432646878924735) (- (+ (+ (0.0) (Tree_Y)) (Tree_X)) (- (Self_Y) (* (Tree_X) (Self_X)))))) (Self_X))
205,142.37806850606412,531.2001450425487,(+ (neg (neg (* (* (+ (-1.0) (0.36252137112709093)) (0.0)) (+ (FieldWidth) (/ (1.0076793127854078) (Tree_X)))))) (+ (/ (- (- (* (Tree_Y) (0.06691024106652144)) (- (Self_X) (2.9922206922278214))) (Self_X)) (- (1.2809482139061412) (* (* (-1.4508795729523174) (Self_Y)) (Tree_Y)))) (* (/ (Tree_X) (AI_guess)) (Self_Y))))
206,137.8450119978881,611.3229847548516,(* (* (* (AI_guess) (2.563080717656219)) (1.8598904003950327)) (2.537638688766476))
207,146.6882112885697,547.3882707360293,(- (neg (- (Self_X) (- (* (AI_guess) (Tree_Y)) (/ (+ (0.6925730274263673) (-0.20620744576276806)) (neg (AI_guess)))))) (2.1673616793684287))
208,151.82176959242102,712.5818304732128,(- (+ (- (neg (neg (* (-2.9534685495409834) (Self_X)))) (- (+ (- (1.3882595961606556) (2.058500351108769)) (Self_X)) (+ (+ (-1.0) (-1.0)) (* (0.0) (-2.613338086646377))))) (* (/ (Tree_Y) (AI_guess)) (FieldHeight))) (-1.0))
209,142.2387036811404,550.8329553808491,(- (neg (- (Self_X) (- (* (AI_guess) (Tree_Y)) (* (/ (0.0050432754825542325) (0.3134538155573452)) (neg (0.356109962106836)))))) (2.1673616793684287))
210,144.23142974482195,599.3903652472703,(+ (- (/ (* (* (AI_guess) (FieldHeight)) (0.4909712922365257)) (1.4330816360412886)) (2.537638688766476)) (1.2067277016086742))
211,134.32862838189456,594.3623179471047,(* (neg (- (+ (/ (- (1.2859949727545672) (-2.973561165528018)) (2.210510731438771)) (-0.2869555417883749)) (+ (* (AI_guess) (FieldHeight)) (/ (+ (2.8483444754220573) (Tree_X)) (neg (2.828315591030652)))))) (1.8427208960919712))
212,139.36941387829097,608.2519206458543,(- (+ (* (* (FieldHeight) (+ (2.4961736210468164) (/ (-1.0057188719471435) (Tree_Y)))) (AI_guess)) (/ (2.6341711476359446) (/ (- (- (2.313531684441285) (0.9741682693382345)) (- (-2.213557473566638) (0.26341929640287276))) (* (- (-2.2799685023611875) (2.110272978997571)) (-2.316940285204459))))) (Self_X))
213,145.363525916643,571.8586450806247,(+ (neg (- (Self_X) (+ (* (AI_guess) (Tree_Y)) (- (+ (-2.841091586857046) (2.7204372065387226)) (neg (0.006046966823888056)))))) (0.0))
214,144.89254456110257,587.294710339061,(- (- (* (- (FieldHeight) (+ (2.4961736210468164) (/ (Tree_X) (FieldWidth)))) (AI_guess)) (/ (2.6341711476359446) (/ (- (* (-0.03665259484217387) (Tree_Y)) (Self_X)) (+ (/ (0.0) (FieldHeight)) (1.0))))) (Self_X))
215,154.44710789206889,628.7939690159287,(- (neg (- (Self_X) (- (* (AI_guess) (Tree_Y)) (* (/ (Tree_Y) (1.8977971651512702)) (neg (AI_guess)))))) (2.1673616793684287))
216,140.58144254577866,517.7968344119206,(- (- (* (+ (FieldHeight) (+ (AI_guess) (+ (0.0) (FieldHeight)))) (AI_guess)) (/ (Tree_Y) (+ (/ (-1.0) (- (-2.254659340706681) (AI_guess))) (+ (- (0.0) (0.6910577504019897)) (FieldHeight))))) (Self_X))
217,140.98758173427916,567.7758981267086,(- (neg (- (Self_X) (- (* (AI_guess) (Tree_Y)) (* (- (1.0590501115012136) (Tree_X)) (neg (-1.0)))))) (2.1673616793684287))
218,141.01033305888825,556.1090615372029,(- (- (* (+ (FieldHeight) (/ (-2.52966718411549) (/ (0.0) (FieldHeight)))) (AI_guess)) (/ (-0.4202445110913331) (- (/ (Self_Y) (- (2.14532227613127) (1.0))) (+ (+ (1.659944725975139) (FieldHeight)) (0.3522557394008681))))) (Self_X))
219,139.686862310198,581.3529131717892,(- (neg (- (Self_X) (- (* (AI_guess) (Tree_Y)) (- (/ (-1.3412455370111493) (1.6750355526104412)) (neg (1.0)))))) (2.1673616793684287))
220,149.30739581679947,602.3543740801698,(+ (* (- (- (* (AI_guess) (FieldWidth)) (0.1990139359024008)) (2.537638688766476)) (1.0)) (1.3179514096978426))
221,142.98973967078445,668.6095617778744,(- (- (+ (- (- (- (0.5057270118978914) (Self_X)) (-1.4785405331980503)) (- (* (1.0) (Tree_Y)) (* (2.8041079820078814) (-2.024164902025581)))) (* (/ (Tree_Y) (AI_guess)) (FieldHeight))) (/ (-1.6432646878924735) (/ (* (* (0.10152440558546072) (-1.9473520595136207)) (+ (-2.4592480949035114) (-1.4419315288246062))) (* (- (0.0) (Self_X)) (+ (-1.2866096153857218) (FieldHeight)))))) (FieldWidth))
222,140.50929697768132,570.8573861374427,(- (- (* (+ (FieldHeight) (/ (-2.52966718411549) (/ (0.0) (FieldHeight)))) (AI_guess)) (/ (-0.4202445110913331) (- (* (Self_Y) (+ (2.14532227613127) (-1.0))) (* (+ (1.659944725975139) (0.6910577504019897)) (0.3522557394008681))))) (Self_X))
223,149.23509151364604,615.2626459201341,(- (neg (- (Self_X) (- (* (AI_guess) (Tree_Y)) (* (/ (2.154135725778481) (FieldWidth)) (neg (Tree_X)))))) (2.1673616793684287))
224,149.40096674647688,536.2974922252612,(- (neg (- (Self_X) (- (* (AI_guess) (Tree_Y)) (* (/ (1.55079633175629) (0.0)) (neg (1.8384243352572547)))))) (-0.8208523197459345))
225,149.52545853124184,583.2929794997262,(- (- (+ (- (- (- (-0.25397978106998176) (1.0)) (-2.3205306950049334)) (* (* (-1.0) (-0.4727972275012391)) (* (1.5938603564034857) (-2.3718433711272944)))) (* (/ (Tree_Y) (AI_guess)) (FieldHeight))) (+ (- (/ (- (2.625928341180204) (2.0006261826744742)) (* (Self_X) (-1.0))) (2.537638688766476)) (- (* (* (Self_X) (0.0)) (1.8598904003950327)) (Tree_Y)))) (Self_X))
226,137.7849647672752,608.8296341763586,(- (neg (- (Self_X) (- (* (AI_guess) (+ (Self_Y) (-0.06719541657090922))) (* (- (AI_guess) (1.0)) (neg (0.0)))))) (2.275882526720806))
227,146.32042358318816,601.9189514082236,(- (neg (- (Self_X) (- (* (AI_guess) (Tree_Y)) (- (/ (2.7741145465178647) (Self_Y)) (neg (0.006046966823888056)))))) (2.1673616793684287))
228,144.54028878544958,519.668693024784,(- (neg (- (1.426659467653618) (- (* (AI_guess) (Tree_Y)) (* (/ (2.154135725778481) (FieldWidth)) (neg (AI_guess)))))) (2.1673616793684287))
229,140.007488096306,575.2347655284343,(- (- (* (- (FieldHeight) (- (1.0) (/ (-2.4142009682973526) (AI_guess)))) (AI_guess)) (/ (-1.9289711865749108) (+ (/ (-1.0) (- (Tree_Y) (-1.779255433980559))) (- (- (AI_guess) (0.5439711150852808)) (Self_X))))) (Self_X))
230,146.02744397618133,558.2955037556591,(- (- (* (+ (FieldHeight) (/ (1.0) (* (0.0) (FieldHeight)))) (AI_guess)) (/ (-0.4202445110913331) (- (/ (Self_Y) (* (Tree_X) (1.0))) (+ (/ (1.659944725975139) (0.6910577504019897)) (0.3522557394008681))))) (Self_X))
231,155.03453453539953,616.6508977262949,(- (neg (- (Self_X) (- (* (AI_guess) (Tree_Y)) (* (/ (1.55079633175629) (0.0)) (neg (1.8384243352572547)))))) (-0.8208523197459345))
232,146.3155512081364,611.7961453942835,(- (+ (- (- (- (* (0.0) (1.653806646762817)) (- (0.0) (-1.0))) (Self_X)) (- (- (* (AI_guess) (2.3664369812084347)) (2.942445899615313)) (- (- (FieldWidth) (AI_guess)) (Self_X)))) (* (/ (Tree_Y) (AI_guess)) (1.1579005732931966))) (neg (/ (- (neg (/ (-0.0385049153183612) (Tree_Y))) (Tree_Y)) (Tree_Y))))
233,148.82134317874628,555.3041715252469,(+ (- (/ (- (/ (+ (Tree_X) (-1.1722143989290739)) (AI_guess)) (+ (Self_Y) (- (FieldHeight) (1.0)))) (Self_X)) (- (1.2809482139061412) (* (+ (+ (0.9683834313113788) (AI_guess)) (1.0383868747912146)) (Tree_Y)))) (* (/ (Tree_Y) (AI_guess)) (FieldHeight)))
234,150.72014028135692,600.4210136727838,(* (neg (- (Self_X) (- (* (AI_guess) (Tree_Y)) (* (- (1.1637738720902053) (-1.278648676864806)) (neg (-0.3016364797729514)))))) (2.1673616793684287))
235,145.16712202223357,622.5556377361671,(- (neg (- (Self_X) (- (* (AI_guess) (Tree_Y)) (* (+ (AI_guess) (-1.716492384867014)) (neg (1.0)))))) (2.275882526720806))
236,142.6936464866404,557.3524273311128,(- (neg (- (Self_X) (- (* (AI_guess) (Tree_Y)) (* (- (FieldHeight) (AI_guess)) (neg (0.0)))))) (2.1673616793684287))
237,151.81527293288318,750.3110496113776,(+ (neg (- (Self_X) (+ (* (AI_guess) (Tree_Y)) (/ (/ (-2.8464311480054416) (AI_guess)) (neg (0.9240701185375029)))))) (2.1673616793684287))
238,143.23742596700248,695.795530048554,(* (neg (- (Self_X) (- (* (AI_guess) (Tree_Y)) (* (+ (AI_guess) (-1.716492384867014)) (neg (-1.0)))))) (2.275882526720806))
239,144.25154955327363,523.5118128910829,(- (neg (- (Self_X) (- (* (AI_guess) (+ (Self_Y) (-0.06719541657090922))) (* (- (AI_guess) (1.0)) (neg (0.0)))))) (2.275882526720806))
240,143.23982437402074,517.8181946973136,(- (neg (- (Self_X) (+ (* (AI_guess) (Tree_Y)) (/ (/ (2.154135725778481) (2.717347441235602)) (neg (2.893520819105829)))))) (2.1673616793684287))
241,139.33186461581326,546.5178270397197,(- (neg (- (Self_X) (- (* (AI_guess) (Tree_Y)) (* (+ (AI_guess) (-1.716492384867014)) (neg (-1.0)))))) (2.275882526720806))
242,145.34092137095323,600.5940131781277,(- (neg (- (Self_X) (- (* (AI_guess) (Tree_Y)) (/ (/ (-2.6146673671772174) (-0.8718820330217882)) (neg (0.0)))))) (2.42746681382361))
243,150.28699602084973,595.7434010362092,(- (+ (* (+ (FieldHeight) (/ (2.4961736210468164) (- (1.0) (-0.11818875266786)))) (AI_guess)) (/ (- (- (- (0.0) (-2.736091044550196)) (/ (-1.0) (-2.672714702947134))) (1.9273013296477313)) (- (* (* (-0.8400628927855949) (-2.9471929693551253)) (/ (-1.89955192764988) (Self_X))) (* (/ (-0.7212971218235209) (0.0)) (-1.716650211642847))))) (2.580994561835075))
244,147.72274019094567,612.57502397513,(- (neg (- (* (neg (- (0.5975622443487589) (Self_X))) (1.8427208960919712)) (- (* (AI_guess) (Tree_Y)) (* (/ (2.5387978666900253) (FieldWidth)) (neg (AI_guess)))))) (-0.8208523197459345))
245,151.136102580651,558.8674762218373,(- (neg (- (Self_X) (- (* (AI_guess) (Tree_Y)) (* (* (-1.153423322063731) (Self_X)) (neg (0.006046966823888056)))))) (2.1673616793684287))
246,144.96672932970168,572.9909838250019,(* (- (* (AI_guess) (2.563080717656219)) (1.0713712452079136)) (1.0))
247,148.38344169142653,579.7289457825068,(neg (neg (- (* (* (Self_Y) (+ (Tree_X) (FieldWidth))) (AI_guess)) (+ (Self_Y) (* (1.0278385830408787) (- (0.870788552284985) (Self_X)))))))
248,150.19423860414724,658.5952069381908,(- (neg (- (Self_X) (- (* (AI_guess) (Tree_Y)) (* (+ (AI_guess) (-1.716492384867014)) (neg (1.134196792563987)))))) (2.275882526720806))
249,146.2041641819861,614.4239991362845,(/ (+ (- (1.3927199229077205) (- (* (* (-0.6444741224763524) (-2.8311679530326908)) (2.942445899615313)) (0.7066817479479397))) (/ (/ (Tree_Y) (AI_guess)) (1.1579005732931966))) (neg (/ (- (neg (/ (2.9865223598147743) (Tree_Y))) (Tree_X)) (FieldHeight))))
250,143.8490743660357,613.022292674996,(- (neg (- (Self_X) (- (* (AI_guess) (Tree_Y)) (* (/ (FieldWidth) (FieldHeight)) (neg (1.0)))))) (-0.8208523197459345))
251,150.51421720728604,667.3262824404828,(* (* (- (* (* (AI_guess) (+ (1.373616412319322) (0.6095655323139648))) (FieldHeight)) (1.7514452180257694)) (2.275882526720806)) (FieldWidth))
252,155.03157316562232,561.0145797602879,(- (neg (- (Self_X) (- (* (AI_guess) (Tree_Y)) (* (+ (1.0) (-1.716492384867014)) (neg (-1.0)))))) (0.7264088325351068))
253,149.1010728996386,610.0691176259985,(/ (neg (- (Self_X) (- (* (AI_guess) (Tree_Y)) (* (* (AI_guess) (-1.716492384867014)) (neg (1.0)))))) (2.5403456057311677))
254,145.09696325865838,551.5812417696409,(* (neg (- (Self_X) (- (* (AI_guess) (Tree_Y)) (* (/ (FieldHeight) (FieldHeight)) (neg (2.2053569348182993)))))) (2.1673616793684287))
255,147.2393585723121,528.8228901394929,(- (+ (* (+ (-1.1276010749668826) (+ (- (FieldWidth) (1.455239962243697)) (/ (Self_X) (1.7557351127590444)))) (AI_guess)) (/ (-1.1743430411047702) (* (/ (- (2.045506390498132) (-1.0)) (1.0)) (Tree_Y)))) (Self_X))
256,144.6620480890566,560.3337972301059,(- (+ (* (+ (FieldHeight) (+ (2.4961736210468164) (/ (-1.7280024732797998) (-1.0)))) (AI_guess)) (/ (AI_guess) (/ (- (- (0.5588801348118002) (-2.0486535402057457)) (- (1.0) (-1.6751451691506605))) (* (/ (-1.8431982427108387) (AI_guess)) (-2.316940285204459))))) (Self_X))
257,139.3925641550462,592.1467198051005,(* (neg (- (Self_X) (/ (* (AI_guess) (Tree_Y)) (* (- (-0.059417467896245135) (-2.098963160348627)) (/ (0.5106722816276328) (1.0)))))) (Tree_Y))
258,146.00242406376918,534.9051372120066,(- (- (+ (- (/ (* (0.91890494168159) (0.020349643448359878)) (Self_X)) (* (* (AI_guess) (1.6229239329282974)) (* (FieldWidth) (-1.2345436209183114)))) (* (/ (Tree_Y) (AI_guess)) (FieldHeight))) (- (FieldHeight) (/ (- (+ (Tree_X) (-0.8186858507024537)) (/ (AI_guess) (Tree_X))) (* (- (0.04053485607452867) (Self_Y)) (1.4751483704459138))))) (Self_X))
259,143.90565138735766,619.6692461086874,(/ (neg (- (Self_X) (- (* (AI_guess) (Tree_Y)) (- (- (2.563362898484245) (1.4975175942417707)) (neg (0.7785560939784926)))))) (2.1673616793684287))
260,149.33118383200545,575.7023278393071,(- (neg (- (Self_X) (- (* (AI_guess) (Tree_Y)) (* (/ (-1.4000666195474103) (0.006416892146224207)) (neg (-0.25199441442746906)))))) (-0.8208523197459345))
261,147.17038836792034,627.5567713552509,(+ (neg (- (Self_X) (+ (* (AI_guess) (Tree_Y)) (+ (/ (1.3973295458330188) (AI_guess)) (neg (-2.6655718952872114)))))) (2.1673616793684287))
262,148.58469541399563,572.3837490127845,(- (neg (- (Self_X) (- (* (AI_guess) (Tree_Y)) (+ (/ (0.0) (Tree_Y)) (neg (1.4158644373029121)))))) (2.1673616793684287))
263,144.6191728594236,559.6375139003545,(* (+ (+ (1.3927199229077205) (- (/ (+ (-0.6444741224763524) (-2.8311679530326908)) (2.942445899615313)) (0.7066817479479397))) (/ (/ (Tree_Y) (AI_guess)) (1.1579005732931966))) (neg (/ (- (neg (/ (2.9865223598147743) (Tree_Y))) (1.804393193358604)) (Tree_Y))))
264,150.41002463100213,585.580221029045,(+ (+ (- (+ (- (- (-2.7763380203467123) (Self_Y)) (Self_X)) (-2.97638055182253)) (* (/ (neg (1.0)) (-0.8208523197459345)) (Self_Y))) (* (/ (Tree_Y) (AI_guess)) (FieldHeight))) (- (+ (- (- (+ (Tree_X) (Self_X)) (0.0)) (-2.8813025146489153)) (* (* (Tree_Y) (AI_guess)) (- (+ (Tree_Y) (-2.37422822141024)) (Self_X)))) (2.537638688766476)))
265,143.3272380456433,607.5793945679246,(+ (+ (/ (+ (+ (* (1.0) (-1.0)) (* (1.0) (1.6840573644941124))) (-1.0)) (- (* (/ (Tree_X) (-1.4139354139029316)) (Self_X)) (+ (- (-0.6571227007730025) (1.0727035439691122)) (* (Tree_Y) (-0.009534197509258213))))) (* (/ (Tree_Y) (AI_guess)) (FieldHeight))) (-2.3357987313393727))
266,150.54338790482603,654.7153528826709,(- (neg (- (Self_X) (- (* (AI_guess) (Tree_Y)) (* (* (0.0) (Self_X)) (neg (0.006046966823888056)))))) (-1.4017720390839497))
267,152.90161430687547,570.8989024375142,(- (+ (- (neg (neg (- (0.0) (FieldHeight)))) (- (+ (/ (-2.0915454670328035) (-1.6791152361283173)) (Self_X)) (/ (* (1.8422429412529544) (-0.171747555406224)) (+ (Tree_X) (Self_X))))) (* (* (Tree_Y) (AI_guess)) (Self_Y))) (Tree_X))
268,152.85578757958203,574.6473085338965,(* (neg (- (Self_X) (- (* (AI_guess) (Tree_Y)) (* (- (1.6333875378907745) (2.1718029507195444)) (neg (1.0)))))) (2.1673616793684287))
269,154.45249741660558,616.0533248955792,(* (neg (- (Self_X) (- (* (AI_guess) (Tree_Y)) (- (- (1.1637738720902053) (0.970349849960332)) (neg (-0.3016364797729514)))))) (2.1673616793684287))
270,153.82033951958263,563.4571916711177,(/ (neg (- (Self_X) (- (* (AI_guess) (FieldWidth)) (* (/ (2.563362898484245) (-0.08491161421859594)) (neg (0.7785560939784926)))))) (2.1673616793684287))
271,151.0674912499912,660.2290409020641,(- (+ (+ (- (* (AI_guess) (FieldHeight)) (1.6723168166960765)) (-2.9577768718919786)) (2.150409960539025)) (neg (/ (- (- (/ (1.0495566342079723) (Self_Y)) (- (Self_Y) (-1.0))) (/ (/ (Tree_X) (1.0)) (Tree_X))) (Tree_Y))))
272,143.52338861611415,578.8356501122789,(+ (- (- (* (/ (- (Tree_Y) (Tree_Y)) (+ (Tree_X) (0.0))) (- (/ (0.0) (1.8053825998013178)) (-1.0))) (1.2579176618412324)) (+ (FieldWidth) (- (neg (- (Self_X) (0.041457755644994876))) (0.6898766817439137)))) (* (/ (Tree_Y) (AI_guess)) (FieldHeight)))
273,146.19126055180735,639.4773416039689,(- (neg (- (Self_X) (+ (* (AI_guess) (Tree_Y)) (/ (+ (AI_guess) (-1.0)) (neg (-1.0)))))) (-1.2476841629318203))
274,153.22535913249422,583.8097165327323,(+ (- (* (/ (* (+ (1.8200990300881) (Tree_Y)) (-1.297301819150881)) (* (-1.0) (- (-1.0) (-1.0)))) (-0.014271240566125165)) (+ (+ (* (- (Self_Y) (0.8426854860834658)) (0.6481805152593942)) (* (/ (2.167093421975019) (Self_Y)) (- (-1.7770727126710637) (1.386120487227906)))) (2.537638688766476))) (* (/ (Tree_Y) (AI_guess)) (FieldHeight)))
275,152.1170834677323,517.9795683860924,(+ (+ (- (neg (* (Self_X) (- (Self_X) (Self_X)))) (2.275882526720806)) (* (* (Tree_Y) (AI_guess)) (Self_Y))) (1.0))
276,150.8485310217468,563.9611850269671,(+ (- (- (+ (- (- (-1.3903301316723546) (1.044188532418337)) (+ (-1.980031103177033) (Tree_X))) (/ (* (-2.7873240758051483) (0.9048019676148393)) (0.6660833392026788))) (1.2579176618412324)) (+ (FieldWidth) (- (neg (- (AI_guess) (Self_X))) (2.1673616793684287)))) (* (/ (Tree_Y) (AI_guess)) (Tree_Y)))
277,149.6084330199949,595.757826940222,(/ (neg (- (Self_X) (- (* (AI_guess) (Tree_Y)) (* (* (-2.7052984865017145) (-1.0)) (neg (1.127748725638214)))))) (1.0))
278,148.57698338003226,759.5885486910272,(* (neg (- (Self_X) (+ (* (AI_guess) (Tree_Y)) (+ (/ (-1.689234964389574) (-0.473006524678258)) (neg (1.676399461889548)))))) (2.1673616793684287))
279,153.14196995464005,600.7727803282638,(- (neg (- (Self_X) (- (* (AI_guess) (Tree_Y)) (/ (- (1.1062239684938993) (-2.3195290518423275)) (* (1.8122888738159064) (Self_X)))))) (-2.7375439833998696))
280,147.45249682053316,575.080481143788,(* (neg (- (Self_X) (/ (* (AI_guess) (Tree_Y)) (/ (neg (0.0)) (2.1673616793684287))))) (1.775839134965901))
281,150.24075697393957,583.3698642372455,(- (neg (- (Self_X) (- (* (AI_guess) (Tree_Y)) (* (+ (Tree_X) (-1.0)) (neg (-2.00791874746367)))))) (- (neg (- (Self_X) (- (* (-1.0804055789454305) (-2.4054766650287536)) (* (1.6322095641678382) (-0.5973972220302048))))) (Tree_X)))
282,155.82824457926563,650.3020814671881,(+ (neg (- (Self_X) (- (* (AI_guess) (Tree_Y)) (* (/ (2.00761878860688) (Self_Y)) (- (1.0) (Tree_Y)))))) (-1.7653267818511502))
283,147.26079089161607,546.1352665913993,(+ (neg (- (Self_X) (- (* (AI_guess) (FieldWidth)) (- (neg (0.03343875041114286)) (1.1431288579812495))))) (Tree_X))
284,156.91879095877047,687.7139442405156,(- (neg (- (Self_X) (- (* (AI_guess) (Tree_Y)) (* (+ (-2.2504650996395084) (2.6354441286075447)) (neg (-0.4105048871522774)))))) (-0.8208523197459345))
285,147.36736281758124,579.0113477911038,(- (neg (- (Self_X) (- (* (AI_guess) (Tree_Y)) (* (/ (Tree_Y) (2.466880367748466)) (neg (1.0)))))) (Self_X))
286,145.38752123865953,547.2914074436754,(* (neg (- (Self_X) (+ (* (AI_guess) (Tree_Y)) (+ (+ (AI_guess) (-1.1133918318968747)) (neg (2.9610060933893143)))))) (2.1673616793684287))
287,140.81867493655741,586.7038734255299,(- (+ (* (+ (FieldWidth) (+ (- (-2.9378622562638137) (FieldWidth)) (* (2.277419189611506) (Self_Y)))) (AI_guess)) (/ (+ (+ (/ (-1.8116067750226785) (1.7904885452134387)) (- (-1.0) (1.6517813105558394))) (* (/ (Tree_Y) (-1.9623232414776655)) (FieldHeight))) (- (- (* (0.0) (Self_X)) (Self_Y)) (+ (+ (-0.2840848485572116) (FieldWidth)) (-2.880251917073086))))) (2.580994561835075))
288,144.02790920376827,597.5794891609944,(+ (neg (- (Self_X) (+ (* (AI_guess) (Self_Y)) (/ (/ (FieldHeight) (FieldWidth)) (neg (Self_Y)))))) (2.1673616793684287))
289,141.14059350639477,536.150353695252,(- (neg (- (0.5541617516890058) (- (* (AI_guess) (Tree_Y)) (/ (/ (2.7917769036577376) (-0.45622103979257567)) (neg (Self_X)))))) (- (neg (- (/ (- (-1.7565651825901825) (2.809667476631142)) (2.6225264780598554)) (- (* (1.0) (-1.194492953864751)) (* (-1.3379064555075524) (1.9414573375548603))))) (-0.6859391248901594)))
290,148.32116498168267,519.6114977003809,(+ (neg (- (Self_X) (- (* (AI_guess) (FieldWidth)) (- (neg (0.03343875041114286)) (1.1431288579812495))))) (Tree_X))
291,148.0570116283053,656.1850980484026,(- (neg (- (Self_X) (- (* (AI_guess) (Tree_Y)) (- (/ (2.5374291503324153) (-1.0536837647150061)) (neg (-1.9668525106524095)))))) (0.5361620049810019))
292,143.81556699335985,628.1724828231582,(+ (neg (- (Self_X) (- (* (AI_guess) (Tree_Y)) (* (/ (0.290128075872806) (FieldHeight)) (- (0.0) (-1.3628509565210325)))))) (AI_guess))
293,141.71774881707753,503.9933713168575,(- (neg (- (Self_X) (- (* (AI_guess) (Tree_Y)) (* (/ (Tree_Y) (Self_Y)) (neg (0.356109962106836)))))) (Self_X))
294,147.16124625867172,514.6113704722827,(- (+ (* (+ (-1.0) (+ (- (FieldWidth) (1.455239962243697)) (* (Self_X) (1.7557351127590444)))) (AI_guess)) (/ (Self_X) (* (- (/ (-1.7647895940203315) (-1.0)) (1.0)) (-1.9747418652757172)))) (Self_X))
295,153.00316255911207,585.3993526557305,(+ (- (* (* (- (/ (-2.8848733228425454) (-0.7957547131874056)) (-2.7776363576129306)) (* (AI_guess) (- (0.3588444218141542) (0.9029043972573669)))) (Self_Y)) (* (+ (* (- (-2.134060850888662) (1.869110416284852)) (2.6606740868137155)) (* (/ (Self_Y) (1.4751404497579141)) (+ (AI_guess) (Self_X)))) (2.537638688766476))) (* (/ (Tree_Y) (AI_guess)) (FieldHeight)))
296,150.38324212953643,610.7878245457696,(* (neg (- (Self_X) (- (* (AI_guess) (Tree_Y)) (* (* (0.0) (-1.0)) (neg (-0.8403309377861556)))))) (1.0))
297,149.53364528125206,599.5807516122269,(+ (+ (- (neg (* (2.950397683934856) (+ (Self_X) (0.5340175676886414)))) (2.770216082845102)) (* (* (Tree_Y) (AI_guess)) (Self_Y))) (Tree_X))
298,159.03191149099868,611.0840156965114,(neg (neg (- (* (* (Self_Y) (+ (FieldHeight) (Tree_X))) (AI_guess)) (- (* (neg (-2.4292208722909705)) (1.635602978949275)) (* (Tree_Y) (- (1.0724111306319237) (-2.7105144838970223)))))))
299,150.2584664136877,702.3773824248802,(+ (neg (- (Self_X) (- (* (AI_guess) (Tree_Y)) (* (* (-2.2504650996395084) (2.6354441286075447)) (neg (1.8384243352572547)))))) (-0.8208523197459345))
300,150.59828171848127,583.6681051675322,(/ (neg (- (Self_X) (- (* (AI_guess) (Tree_Y)) (+ (/ (FieldHeight) (FieldWidth)) (neg (0.0)))))) (2.1673616793684287))
301,154.22239775663593,587.0514109114266,(- (neg (- (Self_X) (- (* (AI_guess) (Tree_Y)) (* (- (0.27080602210498084) (Self_X)) (neg (0.0)))))) (0.5361620049810019))
302,148.80993960052697,616.8712657902754,(- (neg (- (-1.4337549906069873) (- (* (AI_guess) (Self_Y)) (/ (- (1.0) (AI_guess)) (0.1695513517048095))))) (1.1431288579812495))
303,148.01926087053286,621.3613262452054,(- (neg (- (Self_X) (- (* (AI_guess) (Tree_Y)) (* (- (0.27080602210498084) (Self_X)) (neg (0.0)))))) (0.5361620049810019))
304,159.28916670103143,567.6469283122059,(/ (neg (- (Self_X) (+ (* (AI_guess) (Tree_Y)) (* (- (1.564400234550785) (2.5575870793941826)) (* (-0.026685431766874324) (0.45343839554793863)))))) (2.1673616793684287))
305,164.68153126680568,690.9157211436587,(+ (neg (- (Self_X) (- (* (AI_guess) (Tree_Y)) (- (+ (2.5374291503324153) (-1.0536837647150061)) (neg (1.1500421745972655)))))) (0.5361620049810019))
306,146.61724734860812,558.0375276961494,(- (neg (- (Self_X) (- (* (AI_guess) (Tree_Y)) (* (- (0.27080602210498084) (Self_X)) (neg (0.0)))))) (0.5361620049810019))
307,152.96167678651798,580.9402276328796,(- (- (+ (- (- (neg (Tree_X)) (0.6962592921955726)) (/ (FieldWidth) (+ (1.0) (1.0)))) (* (/ (Tree_Y) (AI_guess)) (FieldHeight))) (neg (* (neg (- (FieldHeight) (0.9574811542517079))) (Self_X)))) (Tree_Y))
308,152.47958240627406,565.4932002111091,(- (neg (- (Self_X) (- (* (AI_guess) (Tree_Y)) (/ (/ (-1.4290374753657964) (2.504962262640449)) (neg (-0.06739500416193867)))))) (2.1673616793684287))
309,153.93241599113725,631.8788841762287,(- (neg (- (Self_X) (+ (* (AI_guess) (Tree_Y)) (/ (* (-1.43231465658221) (0.7933548455410686)) (neg (-0.4238886116918681)))))) (2.1673616793684287))
310,153.93460982906993,645.1725214820905,(/ (neg (- (Self_X) (/ (* (AI_guess) (Tree_Y)) (- (neg (-1.0)) (AI_guess))))) (1.775839134965901))
311,156.57696547001296,640.161822849913,(- (neg (- (Self_X) (+ (* (AI_guess) (Tree_Y)) (- (neg (Self_X)) (0.7707933135919394))))) (2.1673616793684287))
312,152.7427841147263,591.7406607723794,(- (neg (- (Self_X) (- (* (AI_guess) (Tree_Y)) (/ (- (-1.0) (AI_guess)) (neg (-0.7794608319224308)))))) (2.1673616793684287))
313,147.33619098895142,599.7845627433812,(- (neg (- (Self_X) (+ (* (AI_guess) (Tree_Y)) (- (neg (0.0)) (0.7264088325351068))))) (AI_guess))
314,149.56382538002327,576.4963668809746,(- (neg (- (Tree_X) (- (* (AI_guess) (Tree_Y)) (* (* (0.0) (-1.0)) (neg (0.6336347752624256)))))) (1.0))
315,151.6031999160915,564.2366201472136,(+ (neg (- (Self_X) (- (* (AI_guess) (Tree_Y)) (- (* (2.5374291503324153) (-1.0536837647150061)) (neg (Tree_X)))))) (0.5361620049810019))
316,148.13255137129485,605.9556158413172,(/ (neg (- (Self_X) (+ (* (AI_guess) (Tree_Y)) (* (+ (-1.276439699023785) (1.0)) (neg (2.8135635740226626)))))) (2.1673616793684287))
317,150.66850845801582,554.393849653797,(+ (neg (- (Self_X) (+ (* (AI_guess) (Tree_Y)) (- (- (Tree_X) (-1.0)) (neg (-1.2927260925387551)))))) (0.7120072935091137))
318,154.34786651278282,633.4842749733041,(- (+ (/ (- (* (+ (FieldHeight) (FieldWidth)) (- (Tree_Y) (2.9351504949141844))) (2.0943508010027445)) (+ (FieldWidth) (* (neg (-0.8526184451631202)) (Self_X)))) (* (/ (Tree_Y) (AI_guess)) (FieldHeight))) (1.1431288579812495))
319,150.77929358028953,604.9035960933269,(+ (neg (- (Self_X) (- (* (AI_guess) (Tree_Y)) (* (/ (-2.0331385245656532) (-1.9409194034300574)) (- (-0.9721051889924919) (0.0)))))) (/ (neg (- (Self_X) (* (* (2.755355637119436) (1.0)) (/ (0.4024741837573771) (-2.2932323012158253))))) (2.1673616793684287)))
320,151.8568361459992,553.2509125074299,(- (+ (* (+ (FieldWidth) (+ (+ (Self_X) (-1.0518313741639982)) (/ (-1.0840129679458437) (1.7908029869949642)))) (AI_guess)) (/ (+ (- (* (AI_guess) (-1.0)) (* (0.2606843988649201) (-0.21452015071152974))) (+ (/ (0.1828721804279252) (-0.4669514740964211)) (FieldHeight))) (* (- (/ (Self_Y) (0.5634657130759742)) (Self_X)) (- (+ (Tree_Y) (-1.4417108797491587)) (FieldWidth))))) (2.580994561835075))
321,143.88835208963164,586.2709091620728,(* (neg (- (Self_X) (/ (* (AI_guess) (Tree_Y)) (- (neg (-1.0)) (AI_guess))))) (1.0))
322,154.25814971334682,615.6131077975158,(+ (neg (- (Self_X) (+ (* (AI_guess) (Tree_Y)) (- (- (2.8212259973419362) (1.8730909500288577)) (neg (0.3208681237497588)))))) (0.7120072935091137))
323,152.74514003256988,672.2675226944541,(/ (neg (- (Self_X) (+ (* (AI_guess) (Tree_Y)) (/ (/ (0.0) (-2.1203338596542904)) (neg (0.3758569870543491)))))) (2.1673616793684287))
324,142.62799693699228,548.8094894059972,(- (+ (* (- (FieldHeight) (+ (+ (Self_Y) (1.0)) (/ (0.2452713243413407) (0.33783188863709057)))) (AI_guess)) (/ (0.44897786937168993) (* (+ (/ (-1.0586233100388185) (Tree_X)) (AI_guess)) (/ (- (0.7852450681550067) (FieldWidth)) (+ (-1.1488163606315909) (1.934029808498524)))))) (2.580994561835075))
325,155.96881851648567,575.215895101495,(- (neg (- (1.6174448124297207) (- (* (AI_guess) (Tree_Y)) (* (- (-1.8242076850018312) (0.712951753781387)) (neg (0.15424940846702473)))))) (2.1673616793684287))
326,151.31629056610012,575.0960759526579,(+ (neg (- (Self_X) (- (* (AI_guess) (Tree_Y)) (- (* (2.5374291503324153) (-1.0536837647150061)) (neg (Tree_X)))))) (0.5361620049810019))
327,146.90717593506727,666.0760350423507,(/ (neg (- (Self_X) (+ (* (AI_guess) (Tree_Y)) (+ (- (-1.2222089553290403) (1.0)) (neg (0.7466282676907219)))))) (2.1673616793684287))
328,152.4706173222676,602.9185035452933,(/ (neg (- (Self_X) (+ (* (AI_guess) (Tree_Y)) (+ (- (-1.2222089553290403) (1.0)) (neg (0.7466282676907219)))))) (2.1673616793684287))
329,154.7051047415605,630.806430866295,(- (- (* (+ (Self_Y) (+ (/ (FieldWidth) (Self_X)) (/ (-2.5284324383029047) (1.207247106268083)))) (AI_guess)) (/ (Tree_X) (* (+ (- (1.0) (-1.3946029489156593)) (AI_guess)) (+ (* (1.3049634103552235) (-1.7616067660295325)) (+ (-1.4430780589719365) (FieldHeight)))))) (2.580994561835075))
330,152.32821077817312,612.9587031305596,(/ (neg (- (Self_X) (- (* (AI_guess) (Tree_Y)) (- (+ (2.5374291503324153) (1.9568610648389244)) (neg (1.1500421745972655)))))) (0.5361620049810019))
331,153.0312725154326,597.4692379582535,(/ (neg (- (Self_X) (- (* (AI_guess) (Tree_Y)) (/ (+ (AI_guess) (-0.9222957845137572)) (neg (1.0)))))) (2.1673616793684287))
332,149.6935321532765,626.2923762847538,(/ (neg (- (Self_X) (+ (* (AI_guess) (Tree_Y)) (+ (- (-1.2222089553290403) (1.0)) (neg (0.7466282676907219)))))) (2.1673616793684287))
333,151.27722226212722,597.6301191583005,(- (neg (- (1.6174448124297207) (- (* (AI_guess) (Tree_Y)) (/ (- (Tree_Y) (-0.8597836015667739)) (neg (AI_guess)))))) (2.1673616793684287))
334,152.6161088633274,646.3941655852811,(* (neg (- (Self_X) (- (* (AI_guess) (Tree_Y)) (- (neg (-1.0)) (2.1673616793684287))))) (2.1673616793684287))
335,153.64231496396664,556.8223775377112,(+ (neg (- (Self_X) (* (* (AI_guess) (Tree_Y)) (/ (/ (FieldWidth) (-1.977710650382111)) (neg (2.7921016436457604)))))) (2.1673616793684287))
336,156.95190111117802,715.4456484930747,(+ (neg (- (Self_X) (* (* (AI_guess) (Tree_Y)) (+ (- (Tree_Y) (Self_X)) (- (1.699139063872079) (0.2935818849827596)))))) (2.275882526720806))
337,145.56184009153975,622.340317665629,(+ (neg (- (Self_X) (- (* (AI_guess) (Tree_Y)) (+ (+ (Self_X) (-1.0)) (1.0))))) (0.5361620049810019))
338,146.8947130209919,660.8943058427785,(+ (neg (- (-1.302210399418804) (- (* (AI_guess) (Tree_Y)) (* (+ (1.421217873859474) (2.3338246917371377)) (- (1.2641585940704614) (-0.3821783009956583)))))) (AI_guess))
339,151.66051105663098,643.3593635985575,(- (- (* (+ (Self_Y) (+ (- (0.7653419439778109) (Self_Y)) (- (1.6970348060179168) (-1.8271344655638788)))) (AI_guess)) (/ (Tree_Y) (* (+ (- (FieldWidth) (FieldHeight)) (0.02520868322380254)) (+ (* (2.647467701131542) (Tree_Y)) (+ (AI_guess) (0.0)))))) (2.580994561835075))
340,149.85126336127323,545.2158542692996,(- (neg (- (Self_X) (+ (* (AI_guess) (Tree_Y)) (/ (- (Tree_Y) (AI_guess)) (+ (-1.937123623169437) (-2.7326500318066884)))))) (2.1673616793684287))
341,150.96706548464473,625.9459912447477,(+ (+ (- (+ (* (/ (1.020856919302739) (FieldHeight)) (AI_guess)) (- (AI_guess) (+ (FieldWidth) (FieldHeight)))) (+ (neg (- (1.0) (Self_X))) (Tree_X))) (- (+ (* (/ (Self_X) (-2.3594272191072094)) (Tree_X)) (+ (/ (Self_X) (-1.0)) (+ (-2.3666881362684764) (-1.0)))) (2.9280282184595094))) (* (/ (Tree_Y) (AI_guess)) (FieldHeight)))
342,150.48029891270838,716.8694919780434,(* (neg (- (Tree_X) (- (* (AI_guess) (Tree_Y)) (/ (* (0.0) (-1.0)) (neg (0.6336347752624256)))))) (FieldWidth))
343,150.3384122065145,651.56571808352,(+ (neg (- (Self_X) (- (* (AI_guess) (Tree_Y)) (- (neg (-1.0)) (2.1673616793684287))))) (0.0))
344,146.37246465868122,581.699124898648,(+ (neg (- (Self_X) (- (* (AI_guess) (Tree_Y)) (+ (neg (-0.881248484468145)) (1.0))))) (-1.0))
345,158.0082264115987,533.5325534390226,(- (neg (- (Self_X) (- (* (AI_guess) (Tree_Y)) (* (* (-0.4360559454513049) (1.2054093402191528)) (neg (1.3213030265689403)))))) (2.0321592357225224))
346,159.60701445737087,564.2618750029382,(+ (neg (- (Self_X) (+ (* (AI_guess) (Tree_Y)) (- (/ (1.499836065216952) (-2.1918145857119407)) (- (-2.327711632438454) (0.7232624737182158)))))) (0.08744232341012204))
347,156.01592991653658,624.2984117982093,(* (neg (- (Self_X) (- (* (AI_guess) (Tree_Y)) (* (* (0.290128075872806) (1.0)) (/ (1.0) (-1.3628509565210325)))))) (2.006360331480783))
348,154.6570753544949,585.4269877793294,(- (+ (/ (/ (- (* (0.0) (-0.17443759600517383)) (+ (0.3774622179374285) (2.2561665111584377))) (2.0943508010027445)) (+ (FieldWidth) (+ (neg (AI_guess)) (Self_X)))) (* (/ (Tree_Y) (AI_guess)) (FieldHeight))) (1.1431288579812495))
349,149.11807788883456,583.4961428621349,(+ (neg (- (Self_X) (* (* (AI_guess) (Tree_Y)) (+ (/ (-1.657376284889847) (-1.2919373640937692)) (* (2.9802794154043344) (-0.05413746134209241)))))) (2.1673616793684287))
350,151.94004852443967,615.1630938687613,(- (neg (- (Self_X) (- (* (AI_guess) (Tree_Y)) (+ (neg (-0.881248484468145)) (1.0))))) (0.5361620049810019))
351,151.97800355984918,537.8700027870367,(- (neg (- (Self_X) (- (* (AI_guess) (Tree_Y)) (- (neg (1.4360660781250925)) (2.1673616793684287))))) (2.1673616793684287))
352,159.5930226298467,550.1871045172531,(* (neg (- (Tree_X) (- (* (AI_guess) (Tree_Y)) (* (* (0.0) (-1.0)) (neg (0.6336347752624256)))))) (1.0))
353,149.2513216815003,517.6109915638235,(/ (+ (- (neg (- (0.44005532931078184) (+ (2.615417825080079) (Self_X)))) (2.770216082845102)) (* (* (Tree_Y) (AI_guess)) (Tree_X))) (1.0))
354,156.58074199024395,617.389044925833,(+ (neg (- (Self_X) (- (* (AI_guess) (FieldWidth)) (* (/ (0.9527293448693834) (Self_X)) (* (AI_guess) (2.4175177201941933)))))) (Tree_X))
355,154.80297500221783,548.7905354155082,(+ (neg (- (Self_X) (- (* (AI_guess) (Tree_Y)) (- (* (0.0) (-1.6147025224702733)) (- (1.0) (1.5121476094634838)))))) (0.5361620049810019))
356,154.01740376643326,602.071887785374,(/ (neg (- (Tree_X) (- (* (AI_guess) (Tree_Y)) (* (+ (-1.0) (-2.6382534840226373)) (neg (-1.0)))))) (1.0))
357,157.62731859292722,659.3636191868625,(+ (neg (- (Self_X) (+ (* (AI_guess) (Tree_Y)) (/ (/ (1.499836065216952) (-2.1918145857119407)) (- (-2.327711632438454) (0.7232624737182158)))))) (0.08744232341012204))
358,157.22830188741585,563.9517006979804,(/ (neg (- (Tree_X) (- (* (AI_guess) (Tree_Y)) (* (* (-0.5314861357987208) (-1.0)) (neg (0.6336347752624256)))))) (1.0))
359,158.64169093528704,638.7041125689927,(+ (neg (- (Self_X) (+ (* (AI_guess) (Tree_Y)) (* (/ (1.499836065216952) (-2.1918145857119407)) (- (-2.905218238996894) (0.7232624737182158)))))) (0.08744232341012204))
360,157.57501088881415,695.7636664225571,(- (neg (- (Self_X) (- (* (AI_guess) (Tree_Y)) (* (- (-0.4360559454513049) (1.2054093402191528)) (neg (1.3213030265689403)))))) (2.717491963621594))
361,153.90665518131308,573.6761025295823,(+ (neg (- (Self_X) (+ (* (AI_guess) (Tree_Y)) (- (neg (-1.2592985260451923)) (1.8548887792008593))))) (0.08744232341012204))
362,155.74861780121705,598.3777948699637,(- (neg (- (Self_X) (+ (* (AI_guess) (Tree_Y)) (/ (* (Tree_Y) (-1.2954616865659152)) (neg (FieldWidth)))))) (Self_X))
363,155.69005623838586,577.0003697709691,(/ (neg (- (Self_X) (- (* (AI_guess) (Tree_Y)) (* (* (Tree_X) (0.0)) (- (Self_Y) (-2.454766141574243)))))) (1.0))
364,156.09362806799237,616.8713134066884,(+ (neg (- (Self_X) (+ (* (AI_guess) (Tree_Y)) (/ (+ (-1.0) (AI_guess)) (neg (-0.7794608319224308)))))) (2.1673616793684287))
365,156.00059592752982,679.8089744218008,(+ (neg (- (Self_X) (- (* (AI_guess) (Tree_Y)) (* (* (0.290128075872806) (1.0)) (- (-0.9248982537249866) (-1.3628509565210325)))))) (2.006360331480783))
366,154.17679098976828,552.7418035207968,(/ (neg (- (Self_X) (+ (* (AI_guess) (Tree_Y)) (* (+ (-1.0) (AI_guess)) (neg (-0.7794608319224308)))))) (2.1673616793684287))
367,152.86536599058178,699.8716810702892,(+ (+ (- (+ (neg (- (Self_X) (-2.2357773227119084))) (1.0)) (1.9018892197798172)) (* (* (Tree_Y) (AI_guess)) (Self_Y))) (Tree_X))
368,161.69724285248216,637.2571205762977,(+ (neg (- (Self_X) (+ (* (AI_guess) (Tree_Y)) (/ (+ (-1.0) (AI_guess)) (neg (-0.7794608319224308)))))) (2.1673616793684287))
369,156.26973568684068,549.2519678083916,(- (neg (- (1.6174448124297207) (+ (* (AI_guess) (Tree_Y)) (* (- (-1.8242076850018312) (0.712951753781387)) (neg (0.15424940846702473)))))) (1.0))
370,153.81037258180467,612.3419178193983,(- (neg (- (* (- (+ (0.0) (Tree_X)) (2.8597511346353084)) (1.0)) (- (* (AI_guess) (Tree_Y)) (/ (* (-1.2286473553292072) (1.9088019363797661)) (-1.8009784324105105))))) (0.5361620049810019))
371,160.48989267016006,617.6897391750996,(+ (neg (- (Self_X) (+ (* (AI_guess) (Tree_Y)) (- (neg (-0.8860634285362998)) (1.8548887792008593))))) (0.08744232341012204))
372,154.4464056038562,574.3637371159854,(- (neg (- (Self_X) (- (* (AI_guess) (Tree_Y)) (- (* (-1.0) (-2.2924114075915027)) (- (1.5863517730382721) (2.130974797330947)))))) (0.5361620049810019))
373,155.6818608535369,542.8643193868201,(+ (neg (- (Self_X) (+ (* (AI_guess) (Tree_Y)) (/ (/ (-1.0) (AI_guess)) (neg (-0.7794608319224308)))))) (1.4148932078023462))
374,155.02601355429698,550.8990251666008,(+ (neg (- (Self_X) (+ (* (AI_guess) (Tree_Y)) (- (+ (2.5374291503324153) (-1.0536837647150061)) (neg (1.1500421745972655)))))) (0.5361620049810019))
375,158.19720658898865,613.378696443973,(+ (neg (- (Self_X) (+ (* (AI_guess) (Tree_Y)) (/ (/ (AI_guess) (2.199359371948219)) (- (-1.4004734338251517) (Self_Y)))))) (1.4148932078023462))
376,150.8607051863435,561.3007498522991,(- (neg (- (Self_X) (- (* (AI_guess) (Tree_Y)) (+ (neg (1.8487856190066347)) (1.0))))) (0.5361620049810019))
377,155.4284020622373,709.0755314410674,(* (neg (- (Self_X) (* (* (AI_guess) (Tree_Y)) (/ (/ (0.4154453837123291) (1.0)) (- (-1.0) (-1.3628509565210325)))))) (2.006360331480783))
378,154.2728375878792,600.015032215126,(* (neg (- (Tree_X) (- (* (AI_guess) (Tree_Y)) (* (* (0.0) (-1.0)) (neg (Tree_Y)))))) (1.0))
379,164.1394100178593,632.2435334101332,(* (neg (- (Self_X) (+ (* (AI_guess) (Tree_Y)) (* (* (AI_guess) (0.0)) (* (0.0) (-1.0)))))) (2.430301355565147))
380,159.0704266459526,596.0809826262579,(- (neg (- (2.2628220069038187) (- (* (AI_guess) (Tree_Y)) (* (/ (-0.4360559454513049) (1.2054093402191528)) (neg (1.3213030265689403)))))) (-0.9029000209455127))
381,157.2138151482523,600.4720087401595,(+ (neg (- (Self_X) (+ (* (AI_guess) (Tree_Y)) (/ (+ (-1.0) (AI_guess)) (neg (-0.7794608319224308)))))) (2.1673616793684287))
382,156.341054803235,552.6356728216153,(+ (neg (- (Self_X) (- (* (AI_guess) (Tree_Y)) (+ (neg (-0.881248484468145)) (1.0))))) (0.5361620049810019))
383,166.35010484849383,609.7786298037461,(* (neg (- (Self_X) (+ (* (AI_guess) (Tree_Y)) (* (+ (-1.0) (AI_guess)) (neg (1.6529048791033674)))))) (2.1673616793684287))
384,156.31181811115997,600.2590477035961,(+ (neg (- (Self_X) (- (* (AI_guess) (Tree_Y)) (+ (neg (-0.881248484468145)) (1.0))))) (0.5361620049810019))
385,164.80331246272974,734.6420360844121,(- (neg (- (Tree_X) (- (* (AI_guess) (Tree_Y)) (+ (neg (1.0)) (2.006360331480783))))) (1.0))
386,157.8298913526012,570.973361261233,(+ (neg (- (Self_X) (+ (* (AI_guess) (Tree_Y)) (* (/ (-0.6981385579482979) (Tree_Y)) (/ (Tree_Y) (-2.3963548666819037)))))) (1.0))
387,158.2993776155456,586.6084560192849,(/ (neg (- (Self_X) (+ (* (AI_guess) (Tree_Y)) (+ (* (0.14103320003046704) (-1.0)) (neg (1.048154139668835)))))) (2.1673616793684287))
388,155.04749667971814,599.9567143399142,(- (neg (- (Tree_X) (- (* (AI_guess) (Tree_Y)) (+ (neg (1.0)) (2.006360331480783))))) (1.0))
389,163.1404221056626,570.9451350366402,(+ (neg (- (Self_X) (+ (* (AI_guess) (Tree_Y)) (* (/ (FieldWidth) (0.9780306723636145)) (neg (0.08493932449404262)))))) (2.1673616793684287))
390,163.06989565154774,602.2004868579262,(+ (neg (- (Self_X) (- (* (AI_guess) (Tree_Y)) (* (* (-2.251448056928354) (Self_Y)) (* (0.0) (-1.3628509565210325)))))) (2.430301355565147))
391,160.17725117698083,610.2022036609575,(/ (neg (- (Self_X) (+ (* (AI_guess) (Tree_Y)) (- (+ (-1.2222089553290403) (-0.5764423861759198)) (neg (0.7466282676907219)))))) (2.1673616793684287))
392,152.23261200406412,623.1923973362756,(* (neg (- (Self_X) (/ (* (AI_guess) (Tree_Y)) (* (* (2.1752071070729677) (0.0)) (+ (Tree_Y) (FieldHeight)))))) (2.430301355565147))
393,161.37450302629244,606.3164528627426,(* (neg (- (Self_X) (+ (* (AI_guess) (Tree_Y)) (/ (* (1.148379608732947) (0.0)) (neg (1.0)))))) (1.0))
394,158.12749516690536,631.348547184609,(* (neg (- (Self_X) (/ (* (AI_guess) (Tree_Y)) (+ (neg (AI_guess)) (2.430301355565147))))) (2.430301355565147))
395,160.4070311152374,583.6718334781541,(+ (neg (- (Self_X) (+ (* (AI_guess) (Tree_Y)) (* (/ (-0.6981385579482979) (Tree_Y)) (+ (Tree_Y) (AI_guess)))))) (1.0))
396,156.92121933926097,554.8881868554918,(- (neg (- (Self_X) (+ (* (AI_guess) (Self_Y)) (/ (+ (0.0) (1.245301078160968)) (neg (AI_guess)))))) (1.0))
397,159.98654490659538,602.122055444554,(+ (neg (- (Self_X) (+ (* (AI_guess) (Tree_Y)) (* (/ (-0.6981385579482979) (Tree_Y)) (+ (Tree_Y) (AI_guess)))))) (1.0))
398,155.0735525760882,616.6401342476769,(/ (neg (- (Self_X) (- (* (AI_guess) (Tree_Y)) (+ (- (-1.7514560395723868) (-2.0414086459591823)) (+ (-0.548925101773055) (2.6001436369881006)))))) (1.0))
399,153.96089857259167,532.1270674923385,(+ (neg (- (Self_X) (+ (* (AI_guess) (Tree_Y)) (* (/ (0.5053356782105007) (AI_guess)) (* (-0.1940853368961335) (Self_X)))))) (0.0))
400,162.21710591338535,650.4301775467524,(+ (neg (- (Self_X) (- (* (AI_guess) (Tree_Y)) (* (- (1.66363818619409) (FieldHeight)) (* (0.0) (-2.224681368712658)))))) (2.430301355565147))
401,157.995922512228,625.9100555671085,(* (neg (- (Self_X) (+ (* (AI_guess) (Tree_Y)) (* (* (-1.0) (Self_X)) (* (FieldWidth) (0.0)))))) (2.430301355565147))
402,163.3980198920991,642.5754461141679,(+ (neg (- (Self_X) (- (* (AI_guess) (Tree_Y)) (+ (neg (1.843773019663094)) (Tree_X))))) (0.5361620049810019))
403,157.2444999165084,534.5873836209793,(+ (neg (- (Self_X) (- (* (AI_guess) (Tree_Y)) (+ (neg (AI_guess)) (-1.0))))) (0.5361620049810019))
404,158.88825161942563,605.2493412220924,(/ (neg (- (Self_X) (+ (* (AI_guess) (Tree_Y)) (- (* (-1.0) (-2.2924114075915027)) (- (1.5863517730382721) (2.130974797330947)))))) (1.849461019207725))
405,158.027593150732,615.9861409263325,(- (neg (- (1.843111505475882) (- (* (AI_guess) (Tree_Y)) (* (- (1.593719318308814) (Self_X)) (- (-0.5354569596082079) (1.0326959959906912)))))) (0.0))
406,163.45781911871387,668.7837964595764,(* (neg (- (Self_X) (+ (* (AI_guess) (Tree_Y)) (* (* (-1.0) (Self_X)) (* (1.3226758507641216) (0.0)))))) (2.430301355565147))
407,156.56185582346038,570.1028378166839,(* (neg (- (Self_X) (+ (* (AI_guess) (Tree_Y)) (+ (+ (-2.018751050059012) (AI_guess)) (neg (1.6529048791033674)))))) (2.1673616793684287))
408,157.31722910337126,563.2894434222433,(- (neg (- (Self_X) (+ (* (AI_guess) (Tree_Y)) (* (neg (-1.813370999704573)) (1.8548887792008593))))) (2.439589536715843))
409,165.1405019926786,609.4723852488246,(- (neg (- (Self_X) (+ (* (AI_guess) (Tree_Y)) (/ (/ (1.7503815662999607) (-1.351151310110417)) (neg (FieldWidth)))))) (2.1673616793684287))
410,150.9821597175879,537.9074996231191,(- (neg (- (Self_X) (- (* (AI_guess) (Tree_Y)) (+ (neg (-0.881248484468145)) (1.0))))) (1.0767954512918738))
411,156.07690191390293,659.8951935626825,(- (neg (- (+ (neg (- (-2.380574497319855) (-0.3164953540422646))) (1.0)) (- (* (AI_guess) (Tree_Y)) (+ (neg (1.0)) (1.0))))) (0.5361620049810019))
412,151.72307741424564,620.9989912983498,(+ (neg (- (Self_X) (- (* (AI_guess) (Tree_Y)) (- (neg (2.309763926134046)) (- (-2.5797648752240283) (-0.5204640001736047)))))) (-0.08236251034492881))
413,148.70256644216786,544.5603558186227,(- (* (neg (- (Self_X) (+ (* (-0.6945555914811088) (Self_X)) (* (AI_guess) (Tree_Y))))) (2.430301355565147)) (1.6862415786400788))
414,160.4979455718644,629.9320415201909,(+ (neg (- (* (neg (- (2.97090823494565) (1.7033290079799093))) (0.5361620049810019)) (+ (* (AI_guess) (Tree_Y)) (+ (neg (Tree_X)) (-1.0))))) (1.6788349981560824))
415,160.09492607352314,658.0551092155304,(+ (neg (- (Self_X) (+ (* (AI_guess) (Tree_Y)) (* (/ (0.0) (1.6238505935442564)) (* (-1.234214457708064) (-1.6609442574920341)))))) (1.0))
416,158.66641379445517,573.895973693868,(- (neg (- (Self_X) (- (* (AI_guess) (Tree_Y)) (+ (- (1.0745334400413862) (-1.3424962555257727)) (neg (-0.7614835084846092)))))) (0.0))
417,162.5917153343741,549.4880150735517,(/ (neg (- (Self_X) (+ (* (AI_guess) (FieldWidth)) (* (/ (0.0) (0.9204047773505346)) (neg (2.2105846422389046)))))) (2.1673616793684287))
418,152.3643103937367,612.6649168232256,(- (neg (- (Self_X) (+ (* (AI_guess) (Tree_Y)) (* (neg (-0.881248484468145)) (1.0))))) (0.5361620049810019))
419,158.73472313092563,619.3245395451835,(- (neg (- (Self_X) (- (* (AI_guess) (Tree_Y)) (- (neg (2.309763926134046)) (- (-2.5797648752240283) (-0.5204640001736047)))))) (-0.08236251034492881))
420,155.08178755953628,569.2920591566087,(- (neg (- (Self_X) (+ (* (AI_guess) (Tree_Y)) (* (/ (-2.3832173137129713) (FieldWidth)) (- (AI_guess) (1.4839432143818758)))))) (1.0))
421,158.0476006549391,638.6671936028392,(+ (neg (- (Self_X) (/ (* (AI_guess) (Tree_Y)) (+ (neg (-1.0)) (1.0))))) (- (neg (- (2.311278345122341) (+ (* (0.0) (1.140960842119843)) (/ (2.1066032297923716) (-0.4075314779149961))))) (1.6175378726021812)))
422,158.817376250285,639.7374868025111,(+ (neg (- (Self_X) (+ (* (AI_guess) (Tree_Y)) (/ (/ (0.5053356782105007) (AI_guess)) (- (-0.1940853368961335) (2.6006419539367824)))))) (0.0))
423,153.34199687747602,520.7698937087046,(- (neg (- (2.5590347373497355) (+ (* (AI_guess) (Tree_Y)) (/ (/ (0.9538018391325092) (FieldWidth)) (neg (-2.60770730706834)))))) (1.0))
424,154.02702623994796,627.703102503183,(+ (neg (- (Self_X) (+ (* (AI_guess) (Tree_Y)) (* (* (-0.8578813072445319) (Self_X)) (* (2.1495324073020905) (AI_guess)))))) (0.0))
425,154.17598605917345,609.9697219876656,(- (* (neg (- (1.2850027325257916) (+ (* (-0.6945555914811088) (Self_X)) (* (AI_guess) (Tree_Y))))) (2.430301355565147)) (1.6862415786400788))
426,151.05876363997342,584.5261332061071,(- (neg (- (2.5590347373497355) (- (* (AI_guess) (Tree_Y)) (/ (/ (0.9538018391325092) (2.3791103226350074)) (neg (-2.60770730706834)))))) (Tree_X))
427,151.39611212778465,594.0215730217494,(- (neg (- (Self_X) (+ (* (AI_guess) (Tree_Y)) (* (+ (1.6979704599036243) (2.642245970881561)) (neg (0.0)))))) (Self_X))
428,157.09518946558651,632.1498614394853,(- (neg (- (Self_X) (+ (* (AI_guess) (Tree_Y)) (- (+ (1.6979704599036243) (2.642245970881561)) (neg (1.0)))))) (Self_X))
429,155.7744051873743,596.7204415829867,(- (neg (- (Self_X) (- (* (AI_guess) (FieldHeight)) (+ (+ (-1.2446074818366637) (1.8566885393741632)) (neg (-0.7614835084846092)))))) (0.0))
430,151.9766643820697,673.9803154082248,(+ (neg (- (2.590508651666248) (+ (* (AI_guess) (Tree_Y)) (* (/ (0.0) (1.6238505935442564)) (/ (-1.234214457708064) (-1.6609442574920341)))))) (1.0))
431,156.9279943101212,661.9967613753852,(- (neg (- (Self_X) (+ (* (AI_guess) (Tree_Y)) (+ (/ (-1.2960049658109096) (-1.5557424108207139)) (/ (-2.785218814598158) (Tree_Y)))))) (1.0))
432,149.90828114635679,604.1561937299649,(* (neg (- (Self_X) (- (* (AI_guess) (Tree_Y)) (+ (neg (-2.6685914313655266)) (1.0))))) (0.5361620049810019))
433,159.0173555389882,551.5162827237128,(/ (neg (- (Self_X) (+ (* (AI_guess) (Tree_Y)) (* (/ (0.5053356782105007) (AI_guess)) (- (-0.1940853368961335) (AI_guess)))))) (0.0))
434,149.70849642966047,584.167129204609,(* (neg (- (Tree_X) (+ (* (AI_guess) (Self_Y)) (+ (neg (AI_guess)) (-1.0))))) (FieldHeight))
435,161.18199521339628,520.4118240598374,(- (neg (- (Self_X) (+ (* (AI_guess) (FieldWidth)) (/ (+ (-1.0) (1.84133434637599)) (- (1.0) (FieldHeight)))))) (AI_guess))
436,164.47578097492453,650.5071048145109,(+ (neg (- (Self_X) (- (* (AI_guess) (Tree_Y)) (/ (- (-1.4128759065499112) (-1.0)) (* (-1.0) (1.4172421506955724)))))) (-0.507348727075883))
437,163.51150074209121,680.6301839556879,(- (neg (- (Self_X) (- (* (AI_guess) (Tree_Y)) (+ (neg (-0.881248484468145)) (2.9032729330880302))))) (0.5361620049810019))
438,160.5122083498811,618.6862974529699,(- (neg (- (Self_X) (- (* (AI_guess) (Tree_Y)) (+ (/ (Self_X) (Tree_Y)) (neg (-1.8532728887328984)))))) (2.1673616793684287))
439,159.95414866911085,638.4921821095502,(+ (neg (- (Self_X) (+ (* (AI_guess) (FieldHeight)) (* (+ (0.0) (-2.07285655235053)) (- (-0.6868549380838065) (-1.8892728511343648)))))) (2.1673616793684287))
440,150.36510064790198,584.2530876893559,(+ (neg (- (Self_X) (+ (* (AI_guess) (Tree_Y)) (* (- (0.5053356782105007) (AI_guess)) (- (2.623871997844317) (2.6006419539367824)))))) (0.0))
441,150.9012598717148,659.389827805961,(* (neg (- (Self_X) (- (* (AI_guess) (Tree_Y)) (* (neg (0.6458703544464228)) (2.430301355565147))))) (1.0))
442,159.35695188691827,665.7307261104608,(/ (neg (- (Self_X) (+ (* (AI_guess) (Tree_Y)) (+ (+ (0.33301933014937735) (-0.796922408951569)) (neg (-0.41275127693172475)))))) (2.1673616793684287))
443,151.24385014069964,638.1102958137676,(* (neg (- (Tree_X) (+ (* (AI_guess) (Self_Y)) (+ (neg (AI_guess)) (-1.0))))) (FieldHeight))
444,153.08696808958257,627.959561263194,(+ (neg (- (Self_X) (- (* (AI_guess) (Tree_Y)) (+ (neg (-0.881248484468145)) (1.0))))) (0.5361620049810019))
445,160.59128524883607,560.9606801548836,(+ (neg (- (Self_X) (- (* (AI_guess) (Tree_Y)) (/ (+ (2.2150681574822357) (Tree_X)) (- (Self_Y) (1.736510320789284)))))) (-0.507348727075883))
446,160.1914845137235,603.8906888042852,(* (neg (- (Self_X) (- (* (AI_guess) (Tree_Y)) (+ (neg (-0.881248484468145)) (1.0))))) (0.5361620049810019))
447,148.66684806731098,598.7981637773602,(- (neg (- (Self_X) (+ (* (AI_guess) (Tree_Y)) (/ (- (-1.8203946701411438) (-1.4068933047732346)) (+ (2.7449283648840055) (2.482162895661503)))))) (0.0))
448,150.37327884058357,584.5790707805814,(/ (neg (- (Self_X) (* (* (AI_guess) (Tree_Y)) (+ (neg (-2.3101043300885564)) (1.0))))) (2.1673616793684287))
449,157.73482378914417,677.3830921930098,(- (neg (- (Self_X) (+ (* (AI_guess) (Tree_Y)) (/ (/ (0.27173930143293834) (-1.30094704033829)) (- (0.10377037943169976) (-0.5093244338946779)))))) (2.917905060224178))
450,158.15818960509168,532.8194294268193,(* (neg (- (Self_X) (+ (* (AI_guess) (Tree_Y)) (+ (- (-2.018751050059012) (0.0)) (neg (1.6529048791033674)))))) (2.1673616793684287))
451,154.37231914323365,582.2129091894587,(- (neg (- (Self_X) (+ (* (AI_guess) (Tree_Y)) (+ (- (-1.0) (Self_X)) (+ (1.039283192412805) (2.310097529518795)))))) (AI_guess))
452,158.71540834707517,687.9119629617305,(/ (neg (- (Self_X) (+ (* (AI_guess) (Tree_Y)) (+ (+ (-2.018751050059012) (0.0)) (neg (1.6529048791033674)))))) (2.110734566851792))
453,152.34085667975748,571.3912996279641,(* (neg (- (- (neg (- (-2.221009964227994) (Self_X))) (1.6175378726021812)) (- (* (AI_guess) (Tree_Y)) (+ (neg (0.0)) (1.4781931957394896))))) (1.962172183709085))
454,154.56261328460897,625.2446680040282,(- (neg (- (Self_X) (- (* (AI_guess) (Tree_Y)) (* (+ (0.3224265235032915) (-1.0)) (- (FieldWidth) (Tree_X)))))) (Self_X))
455,154.99738493684086,697.9761394482844,(- (neg (- (Self_X) (+ (* (AI_guess) (Tree_Y)) (+ (- (1.0) (-1.0)) (/ (0.1319660622428538) (1.980386584116487)))))) (0.0))
456,157.96253273469637,550.7383966283138,(- (neg (- (Self_X) (+ (* (AI_guess) (Tree_Y)) (/ (/ (0.27173930143293834) (-1.30094704033829)) (- (0.10377037943169976) (2.1248119616283834)))))) (2.917905060224178))
457,152.5856609864866,585.8248852333253,(+ (neg (- (-0.5630705153564479) (+ (* (AI_guess) (Tree_Y)) (+ (/ (0.0) (Tree_Y)) (/ (Self_X) (-0.5327683920072497)))))) (0.0))
458,151.9334048534139,573.4475887705586,(- (neg (- (Self_X) (- (* (AI_guess) (Tree_Y)) (+ (neg (-0.881248484468145)) (2.9032729330880302))))) (-2.5211588970101357))
459,149.11025617018012,654.4826793327508,(- (neg (- (Self_X) (- (* (AI_guess) (Tree_Y)) (+ (+ (-1.0) (-0.6505879990052343)) (- (1.039283192412805) (0.773826345506321)))))) (0.0))
460,152.9635372945259,607.8505372951938,(+ (neg (- (Self_X) (/ (* (AI_guess) (Tree_Y)) (/ (+ (-1.4128759065499112) (-1.0)) (* (-1.0) (Tree_Y)))))) (2.284777748963293))
461,151.7724696024694,522.5001053920663,(* (neg (- (Tree_X) (+ (* (AI_guess) (Tree_Y)) (- (+ (2.0995652768081925) (-1.0)) (neg (-1.712165570651906)))))) (2.1673616793684287))
462,153.75813153335133,558.28926309749,(- (neg (- (Self_X) (+ (* (AI_guess) (Tree_Y)) (/ (- (-1.8977503216024372) (AI_guess)) (+ (1.0) (-2.5995523043581534)))))) (0.0))
463,154.60610480295824,662.784751781495,(+ (neg (- (2.590508651666248) (+ (* (AI_guess) (Tree_Y)) (* (* (0.0) (0.6329775732800891)) (/ (-1.0) (1.573878128630179)))))) (1.4781931957394896))
464,156.10422550795704,660.3311224586405,(- (neg (- (Self_X) (- (* (AI_guess) (Tree_Y)) (* (+ (0.0) (-1.0)) (- (FieldWidth) (2.3732363889307786)))))) (Self_X))
465,152.61405399706965,681.4802653466023,(- (neg (- (Self_X) (- (* (AI_guess) (Tree_Y)) (/ (- (0.14057951608607544) (2.541724846430305)) (+ (-0.3253882195948803) (Self_Y)))))) (0.29175714607028436))
466,156.2695449284766,582.1220903429156,(- (neg (- (Self_X) (/ (* (AI_guess) (Tree_Y)) (* (- (1.593719318308814) (0.3029235976187241)) (* (0.5422435237017638) (1.0326959959906912)))))) (0.0))
467,157.0820179465794,574.7175964772099,(* (neg (- (Self_X) (+ (* (AI_guess) (Self_Y)) (/ (neg (0.0)) (- (-2.26088412099071) (AI_guess)))))) (1.0))
468,153.5092511917479,664.238901681187,(+ (neg (- (Self_X) (+ (* (AI_guess) (Tree_Y)) (/ (+ (1.8905509222325447) (0.55757246472354)) (- (AI_guess) (-2.96296998915874)))))) (-0.507348727075883))
469,155.32697052020822,630.5097497933808,(/ (neg (- (Self_X) (- (* (AI_guess) (Tree_Y)) (+ (neg (-1.5728840630833483)) (-0.9177335001061993))))) (0.5361620049810019))
470,149.052813641485,711.8292641418703,(* (neg (- (Self_X) (- (* (AI_guess) (Tree_Y)) (/ (+ (-1.0) (0.0)) (neg (1.6529048791033674)))))) (2.1673616793684287))
471,149.7548248011696,590.6407493604023,(+ (neg (- (Self_X) (- (* (AI_guess) (Tree_Y)) (+ (- (2.804130983250764) (-1.0)) (* (-1.0) (1.4172421506955724)))))) (-0.9119949793433637))
472,157.83590486683025,543.3822358259947,(+ (neg (- (Self_X) (+ (* (AI_guess) (Tree_Y)) (/ (* (0.6286038232459177) (2.2112337247392917)) (- (-2.5368398338448936) (-1.8532469092694046)))))) (- (neg (- (- (neg (-1.011683648056498)) (0.0)) (- (* (1.7891649377768815) (2.3716362276657037)) (- (1.6403797079577496) (AI_guess))))) (0.5361620049810019)))
473,149.51978652839182,553.0619645369354,(* (neg (- (Tree_X) (+ (* (AI_guess) (Tree_Y)) (- (+ (2.0995652768081925) (0.9706573389529054)) (neg (-1.712165570651906)))))) (FieldHeight))
474,146.67777731606105,570.8092351238362,(/ (neg (- (Self_X) (+ (* (AI_guess) (Tree_Y)) (* (neg (0.0)) (0.5361620049810019))))) (0.0))
475,150.92499676332145,543.2868869203589,(+ (neg (- (Self_X) (+ (* (AI_guess) (Tree_Y)) (/ (- (0.6286038232459177) (2.2112337247392917)) (- (-2.5368398338448936) (0.7342542736171676)))))) (- (neg (- (- (neg (-1.011683648056498)) (0.0)) (- (* (1.7891649377768815) (2.3716362276657037)) (- (1.6403797079577496) (AI_guess))))) (0.5361620049810019)))
476,158.28371289798585,607.3941937595854,(/ (neg (- (Self_X) (- (* (AI_guess) (Tree_Y)) (+ (neg (-1.319720696499632)) (0.5361620049810019))))) (1.0182224503116526))
477,158.04519577286456,578.1693812046075,(/ (neg (- (Self_X) (+ (* (AI_guess) (Tree_Y)) (+ (neg (Tree_X)) (1.0))))) (1.0182224503116526))
478,155.33254872421722,590.8667420310933,(+ (neg (- (0.9705415310981182) (- (* (AI_guess) (Tree_Y)) (+ (neg (-1.3216569261965763)) (1.0))))) (0.5361620049810019))
479,158.833721411243,592.4415098162747,(- (neg (- (Self_X) (+ (* (AI_guess) (Tree_Y)) (/ (* (1.3567113864642266) (-2.87961563484499)) (- (Self_Y) (FieldWidth)))))) (2.917905060224178))
480,157.76669153057563,626.3883484671579,(- (neg (- (Self_X) (- (* (AI_guess) (Tree_Y)) (/ (/ (FieldWidth) (-1.6756135672802153)) (+ (AI_guess) (1.0)))))) (-0.507348727075883))
481,159.78589378508002,598.4186765706905,(/ (neg (- (Self_X) (+ (* (AI_guess) (Tree_Y)) (+ (neg (-1.4903751466497912)) (-0.507348727075883))))) (1.0))
482,159.55987085681113,604.1906144439106,(+ (neg (* (- (neg (- (1.4512508067204664) (AI_guess))) (1.6175378726021812)) (- (* (AI_guess) (Tree_Y)) (* (neg (-1.8288454234659524)) (* (2.441983725998745) (Self_X)))))) (1.962172183709085))
483,155.4280071668525,637.7932798807841,(+ (neg (- (Self_X) (- (* (AI_guess) (Tree_Y)) (+ (neg (0.2267511286963666)) (1.0))))) (0.5361620049810019))
484,155.89146095268342,585.8157436487537,(* (neg (- (Self_X) (- (* (AI_guess) (Tree_Y)) (+ (neg (0.0)) (1.0))))) (0.5361620049810019))
485,155.02169329706248,643.9942615048719,(+ (neg (- (Self_X) (+ (* (AI_guess) (Tree_Y)) (+ (neg (-1.0)) (-0.127566892869849))))) (-0.507348727075883))
486,158.3509920470668,672.2455011086174,(- (neg (- (Self_X) (+ (* (AI_guess) (Tree_Y)) (/ (/ (1.2157676656041199) (-2.2980145581468676)) (- (2.4870265588747813) (-1.0)))))) (-1.0465736237742844))
487,161.20331376389092,674.1143006778645,(- (neg (- (Self_X) (- (* (AI_guess) (Tree_Y)) (* (* (0.3224265235032915) (-1.0)) (+ (FieldWidth) (-2.377522865662362)))))) (Self_X))
488,156.04635727134203,620.5159690273562,(- (neg (- (Self_X) (+ (* (AI_guess) (FieldHeight)) (/ (* (0.27173930143293834) (FieldHeight)) (- (0.10377037943169976) (2.1248119616283834)))))) (2.917905060224178))
489,157.19300881746693,577.4359285630823,(+ (neg (- (Self_X) (- (* (AI_guess) (Tree_Y)) (/ (- (2.321757070082379) (0.0)) (* (FieldWidth) (2.3389170219073865)))))) (-1.7855795471871792))
490,155.4150241867976,545.1039861503014,(- (neg (- (Self_X) (- (* (AI_guess) (Tree_Y)) (* (* (0.3224265235032915) (-1.0)) (+ (FieldWidth) (-2.377522865662362)))))) (Self_X))
491,157.37428058460037,551.9798548787371,(+ (neg (- (Self_X) (- (* (AI_guess) (Tree_Y)) (/ (- (2.321757070082379) (2.5297345346142297)) (- (FieldWidth) (2.3389170219073865)))))) (-1.1883355613420667))
492,157.40885077687005,599.9067599206264,(+ (neg (- (Self_X) (+ (* (AI_guess) (Tree_Y)) (+ (neg (0.2267511286963666)) (1.0))))) (0.5361620049810019))
493,159.5676633203678,665.3301952495402,(+ (neg (- (Self_X) (- (* (AI_guess) (Tree_Y)) (/ (- (2.321757070082379) (2.5297345346142297)) (- (FieldWidth) (2.3389170219073865)))))) (-1.1883355613420667))
494,155.47361262615178,571.5987496129477,(* (neg (- (Self_X) (- (* (AI_guess) (Tree_Y)) (- (neg (-1.1830450794028622)) (-1.388374514980301))))) (0.5361620049810019))
495,150.27222177443593,551.6998405864545,(+ (neg (- (Self_X) (* (* (AI_guess) (- (FieldHeight) (Self_Y))) (- (/ (Tree_X) (AI_guess)) (neg (Self_Y)))))) (-0.21847233233969554))
496,160.82553435134983,661.9069439522438,(/ (neg (- (Tree_X) (- (* (AI_guess) (Tree_Y)) (+ (neg (0.24809339549911424)) (-0.507348727075883))))) (1.0))
497,153.83234668711688,605.8272767447241,(+ (neg (- (Self_X) (+ (* (AI_guess) (Tree_Y)) (/ (- (AI_guess) (Self_X)) (- (Self_Y) (2.6034392504512294)))))) (/ (neg (- (neg (- (-0.4620342973477243) (Tree_X))) (1.9117978662962622))) (-1.0)))
498,164.09330079867604,594.4389452886712,(+ (neg (- (Self_X) (- (* (AI_guess) (Tree_Y)) (/ (- (0.6775146971469987) (2.5297345346142297)) (- (FieldWidth) (2.3389170219073865)))))) (-1.1883355613420667))
499,161.03130086281558,609.0007474770754,(+ (neg (- (Self_X) (+ (* (AI_guess) (Tree_Y)) (/ (/ (0.27173930143293834) (Self_Y)) (- (0.10377037943169976) (FieldWidth)))))) (2.917905060224178))
